M,8.000000e-02,8.204205e-02,8.413622e-02,8.628384e-02,8.848628e-02,9.074495e-02,9.306126e-02,9.543670e-02,9.787278e-02,1.003710e-01,1.029331e-01,1.055605e-01,1.082550e-01,1.110183e-01,1.138521e-01,1.167582e-01,1.197385e-01,1.227949e-01,1.259293e-01,1.291437e-01,1.324402e-01,1.358208e-01,1.392877e-01,1.428431e-01,1.464893e-01,1.502285e-01,1.540632e-01,1.579957e-01,1.620286e-01,1.661645e-01,1.704060e-01,1.747557e-01,1.792164e-01,1.837910e-01,1.884824e-01,1.932935e-01,1.982274e-01,2.032873e-01,2.084763e-01,2.137978e-01,2.192551e-01,2.248517e-01,2.305912e-01,2.364771e-01,2.425134e-01,2.487036e-01,2.550519e-01,2.615623e-01,2.682388e-01,2.750858e-01,2.821075e-01,2.893084e-01,2.966932e-01,3.042665e-01,3.120330e-01,3.199979e-01,3.281660e-01,3.365426e-01,3.451331e-01,3.539428e-01,3.629774e-01,3.722426e-01,3.817443e-01,3.914885e-01,4.014815e-01,4.117295e-01,4.222391e-01,4.330170e-01,4.440700e-01,4.554052e-01,4.670297e-01,4.789509e-01,4.911764e-01,5.037139e-01,5.165715e-01,5.297573e-01,5.432796e-01,5.571471e-01,5.713686e-01,5.859532e-01,6.009099e-01,6.162485e-01,6.319786e-01,6.481102e-01,6.646536e-01,6.816193e-01,6.990180e-01,7.168608e-01,7.351591e-01,7.539244e-01,7.731688e-01,7.929044e-01,8.131437e-01,8.338997e-01,8.551854e-01,8.770145e-01,8.994008e-01,9.223585e-01,9.459022e-01,9.700469e-01,9.948079e-01,1.020201e+00,1.046242e+00,1.072948e+00,1.100336e+00,1.128422e+00,1.157226e+00,1.186765e+00,1.217058e+00,1.248124e+00,1.279983e+00,1.312655e+00,1.346161e+00,1.380523e+00,1.415762e+00,1.451900e+00,1.488960e+00,1.526967e+00,1.565944e+00,1.605915e+00,1.646907e+00,1.688945e+00,1.732057e+00,1.776268e+00,1.821609e+00,1.868106e+00,1.915791e+00,1.964692e+00,2.014842e+00,2.066272e+00,2.119015e+00,2.173104e+00,2.228574e+00,2.285459e+00,2.343797e+00,2.403624e+00,2.464978e+00,2.527898e+00,2.592424e+00,2.658597e+00,2.726459e+00,2.796053e+00,2.867424e+00,2.940617e+00,3.015678e+00,3.092655e+00,3.171596e+00,3.252553e+00,3.335576e+00,3.420719e+00,3.508035e+00,3.597579e+00,3.689409e+00,3.783584e+00,3.880162e+00,3.979205e+00,4.080777e+00,4.184941e+00,4.291764e+00,4.401313e+00,4.513660e+00,4.628873e+00,4.747028e+00,4.868198e+00,4.992462e+00,5.119897e+00,5.250586e+00,5.384610e+00,5.522055e+00,5.663009e+00,5.807560e+00,5.955801e+00,6.107827e+00,6.263732e+00,6.423618e+00,6.587584e+00,6.755736e+00,6.928180e+00,7.105026e+00,7.286386e+00,7.472375e+00,7.663111e+00,7.858717e+00,8.059315e+00,8.265033e+00,8.476003e+00,8.692358e+00,8.914235e+00,9.141776e+00,9.375125e+00,9.614431e+00,9.859844e+00,1.011152e+01,1.036962e+01,1.063432e+01,1.090576e+01,1.118414e+01,1.146962e+01,1.176239e+01,1.206263e+01,1.237054e+01,1.268630e+01,1.301013e+01,1.334222e+01,1.368278e+01,1.403204e+01,1.439022e+01,1.475754e+01,1.513423e+01,1.552054e+01,1.591671e+01,1.632300e+01,1.673965e+01,1.716694e+01,1.760514e+01,1.805452e+01,1.851537e+01,1.898798e+01,1.947266e+01,1.996971e+01,2.047945e+01,2.100220e+01,2.153830e+01,2.208807e+01,2.265188e+01,2.323009e+01,2.382305e+01,2.443114e+01,2.505476e+01,2.569430e+01,2.635016e+01,2.702276e+01,2.771254e+01,2.841991e+01,2.914535e+01,2.988930e+01,3.065224e+01,3.143466e+01,3.223704e+01,3.305991e+01,3.390379e+01,3.476920e+01,3.565670e+01,3.656686e+01,3.750025e+01,3.845747e+01,3.943911e+01,4.044582e+01,4.147822e+01,4.253698e+01,4.362276e+01,4.473625e+01,4.587817e+01,4.704924e+01,4.825020e+01,4.948181e+01,5.074486e+01,5.204015e+01,5.336851e+01,5.473077e+01,5.612780e+01,5.756050e+01,5.902976e+01,6.053653e+01,6.208176e+01,6.366643e+01,6.529155e+01,6.695816e+01,6.866730e+01,7.042007e+01,7.221759e+01,7.406098e+01,7.595143e+01,7.789013e+01,7.987832e+01,8.191726e+01,8.400825e+01,8.615261e+01,8.835170e+01,9.060693e+01,9.291972e+01,9.529155e+01,9.772392e+01,1.002184e+02,1.027765e+02,1.053999e+02,1.080903e+02,1.108494e+02,1.136789e+02,1.165806e+02,1.195564e+02,1.226081e+02,1.257378e+02,1.289473e+02,1.322388e+02,1.356142e+02,1.390759e+02,1.426259e+02,1.462665e+02,1.500000e+02
Mrem,0.08,0.08204205,0.08413622,0.08628384,0.08848628,0.09074495,0.09306126,0.0954367,0.09787278,0.100371,0.1029331,0.1055605,0.108255,0.1110183,0.1138521,0.1167582,0.1197385,0.1227949,0.1259293,0.1291437,0.1324402,0.1358208,0.1392877,0.1428431,0.1464893,0.1502285,0.1540632,0.1579957,0.1620286,0.1661645,0.170406,0.1747557,0.1792164,0.183791,0.1884824,0.1932935,0.1982274,0.2032873,0.2084763,0.2137978,0.2192551,0.2248517,0.2305912,0.2364771,0.2425134,0.2487036,0.2550519,0.2615623,0.2682388,0.2750858,0.2821075,0.2893084,0.2966932,0.3042665,0.312033,0.3199979,0.328166,0.3365426,0.3451331,0.3539428,0.3629774,0.3722426,0.3817443,0.3914885,0.4014815,0.4117295,0.4222391,0.433017,0.44407,0.4554052,0.4670297,0.4789509,0.4911764,0.5037139,0.5165715,0.5297573,0.5432796,0.5571471,0.5713686,0.5859532,0.6009099,0.6162485,0.6319786,0.6481102,0.6646536,0.6816193,0.699018,0.7168608,0.7351591,0.7539244,0.7731688,0.7929044,0.8131437,0.24501496957746488,0.26216344901408456,0.279749709859155,0.29943076,0.32124057500000003,0.3436070900000001,0.36626127200000014,0.388050952,0.4103968799999999,0.43328989882352925,0.4542462541176471,0.47573777882352936,0.49777702823529413,0.5250010758620691,0.5533856781609197,0.5824948137931035,0.6161979280898877,0.6508848617977531,0.685084511235955,0.7134328460674159,0.7425054146067417,0.7729858547619048,0.8047786904761906,0.8373826666666668,0.8708197773809524,0.9049481734939758,0.9367805,0.9694259361445783,1.0019817987804878,1.0354111549295772,1.0702818028169012,1.1067193800000001,1.1448469200000002,1.18347489,1.2221066800000002,1.2626157,1.3063312,1.3511627499999999,1.3971383999999998,1.4457166,1.4969130999999998,1.5494172999999998,1.6032616000000002,1.6584801999999998,1.709193824,1.7535877119999999,1.7991147359999997,1.8458037919999999,1.893684464,1.9427877119999999,1.9931444959999998,2.048768676,2.12128101,2.195643432,2.2719049259999995,2.350112592,2.430317298,2.5129707199999998,2.601798368,2.692893728,2.7863153279999997,2.8821207039999996,2.98037136,3.0785459200000003,3.17854336,3.2810934399999994,3.38626048,3.49408628,3.604460333999999,3.717652824,3.8337336839999994,3.952778596,3.6410739800000003,3.2934412399999995,2.936937399999999,2.5713337000000003,2.1963960600000005,1.8118904000000011,1.4175693399999998,1.3,1.3,1.3,1.3,1.3,1.3,1.30262565,1.30715965,1.3118093750000002,1.316577775,1.321467925,1.3264828750000002,1.3316258250000002,1.3369000750000002,1.34230895,1.347855875,1.3570888,1.36875625,1.3807215499999999,1.3929922000000001,1.405576,1.4184809999999999,1.4317160000000002,1.4452880000000001,1.459207,1.473481,1.4881195,1.5066805333333333,1.5395242666666666,1.5732053333333331,1.6077472,1.643170133333333,1.6794965333333332,1.7167509333333335,1.7549568,1.7941376,1.8259061200000002,1.8429037600000002,1.8603352400000002,1.8782120000000002,1.8965446000000001,1.9153453600000003,1.9346261599999999,1.9543988800000003,1.9746762800000002,1.9954711200000002,2.01679704,2.03866724,2.2768483,2.5350867999999993,2.7999202,3.0715065799999994,3.3500287199999996,3.635664460000001,3.9285867,4.22898316,4.537051440000001,4.8529842,5.17697904,5.509243440000001,5.849994760000001,6.199435540000001,6.557802900000001,6.9253142,7.34655888,7.786278920000001,8.23721648,8.699669420000003,9.17392998,9.6602904,10.159065400000001,10.67057532,11.1951405,11.733098140000001,12.284779819999999,13.137213099999999,14.381255100000002,15.6570609,16.965425800000002,18.30718125,19.68319485,21.0943342,22.541491,24.025581050000007,25.547556300000004,27.108380750000002,28.709054550000005,30.35057785,32.033999,33.760402500000005,35.530860800000006,36.679880125000004,36.621934,36.562508875000006,36.50156687500001,36.439069,36.37497625,36.309247375000005,36.241840375,36.17271325,36.10182137500001,36.029120125000006,35.95456300000001,35.878102750000004,35.799690625000004,35.719277125000005,35.63681125000001,35.552240125000004,35.4655105,35.376566875,35.28535300000001,35.418400000000005,37.9765,40.599900000000005,43.2903,46.049400000000006,48.8789,51.78060000000001,54.7564,57.808099999999996,60.937799999999996,64.14730000000002,67.4388,70.81420000000001,74.2759,77.8259,81.46650000000001,85.2
H,0.0,0.0,0.0,0.0,0.0,0.0,0.0,0.0,0.0,0.0,0.0,0.0,0.0,0.0,0.0,0.0,0.0,0.0,0.0,0.0,0.0,0.0,0.0,0.0,0.0,0.0,0.0,0.0,0.0,0.0,0.0,0.0,0.0,0.0,0.0,0.0,0.0,0.0,0.0,0.0,0.0,0.0,0.0,0.0,0.0,0.0,0.0,0.0,0.0,0.0,0.0,0.0,0.0,0.0,0.0,0.0,0.0,0.0,0.0,0.0,0.0,0.0,0.0,0.0,0.0,0.0,0.0,0.0,0.0,0.0,0.0,0.0,0.0,0.0,0.0,0.0,0.0,0.0,0.0,0.0,0.0,0.0,0.0,0.0,0.0,0.0,0.0,0.0,0.0,0.0,0.0,0.0,0.0,-0.0037569745422535226,-0.00406426809859155,-0.004379406514084508,-0.004730059630769232,-0.0051168085769230775,-0.005513429369230771,-0.005917610366250003,-0.00631904807875,-0.006730733712499999,-0.007153279129411762,-0.007625504047058823,-0.008109788329411763,-0.008606414894117648,-0.012874687448275876,-0.01763080597701151,-0.022508327172413793,-0.038446329887640476,-0.055141877752809064,-0.0721020842696629,-0.08870449550561799,-0.10573105955056182,-0.11648193095238098,-0.12211773809523811,-0.12789733333333336,-0.13382461547619048,-0.14024175421686746,-0.153437,-0.1669692987951807,-0.18024848170731703,-0.19392904647887318,-0.2088113408450704,-0.221186627,-0.23062551800000003,-0.24106354100000002,-0.25333769200000006,-0.26472313999999997,-0.27346624,-0.28243255,-0.29162768,-0.2975620273333333,-0.30027354566666664,-0.3030543236666667,-0.30590607733333336,-0.308830618,-0.3102600772,-0.3097051536,-0.3091360658,-0.3085524526,-0.3079539442,-0.3073401536,-0.30671069380000004,-0.30359745200000005,-0.29081926999999996,-0.277715064,-0.26427620200000007,-0.250494384,-0.236360646,-0.223611392,-0.22819604480000003,-0.2328977408,-0.23771950079999998,-0.24266429439999998,-0.247735296,-0.2601734016,-0.27483969280000003,-0.28988037119999993,-0.3053048704,-0.3246885879999999,-0.3709811713999998,-0.4184558504000001,-0.46714195639999984,-0.5170712315999999,-0.0788670503000003,0.4020815386000008,0.8953032610000013,1.4011146054999999,1.9198394208999991,2.4518015559999986,2.9973432601000005,3.2085221500000003,3.2786794,3.3506281,3.4244128,3.5000812,3.577681,3.6535857899999997,3.72885019,3.8060356250000003,3.8851910650000003,3.9663675550000006,4.049615725,4.1349886950000005,4.222541245,4.312328570000001,4.404407525,4.4943474666666665,4.583797916666667,4.675531883333333,4.769606866666667,4.866082666666667,4.965020999999999,5.066489333333334,5.170541333333333,5.277253666666666,5.386687666666666,5.498916166666667,5.613381866666666,5.7283349333333335,5.846218666666666,5.9671152,6.0910954666666655,6.218237866666666,6.348628266666666,6.4823488,6.619481599999999,6.755369740000001,6.88594252,7.01984798,7.157174,7.2980017,7.442425720000001,7.59053732,7.742427760000001,7.898195060000001,8.057937240000001,8.221759080000002,8.389761980000001,8.543355550000001,8.6996578,8.859951700000002,9.024332930000002,9.19291212,9.365796910000002,9.54309195,9.724910860000001,9.911373240000001,10.1025957,10.29869784,10.499805240000002,10.706049460000001,10.91755309,11.134459650000002,11.3569007,11.586976480000002,11.823267320000001,12.065586080000001,12.314092820000003,12.568944580000002,12.8302984,13.098323400000002,13.373191720000001,13.6550755,13.944155940000002,14.24061122,14.71672416,15.427015360000002,16.15544224,16.90245888,17.66854,18.45418096,19.25987712,20.0861376,20.933485280000006,21.802463680000002,22.6936232,23.607534880000006,24.54476976,25.505926400000003,26.491624,27.502474880000005,28.222043410000005,28.37193072,28.52564371,28.683280350000004,28.844941520000003,29.010728100000005,29.18074679,29.35510623,29.53391506,29.71728871,29.90534261,30.098197040000002,30.29597422,30.498800250000002,30.70680317,30.9201149,31.13887221,31.36321284,31.59328035,31.829220239999998,32.05,32.05,32.05,32.05,32.05,32.05,32.05,32.05,32.05,32.05,32.05,32.05,32.05,32.05,32.05,32.05,32.05
He,0.0,0.0,0.0,0.0,0.0,0.0,0.0,0.0,0.0,0.0,0.0,0.0,0.0,0.0,0.0,0.0,0.0,0.0,0.0,0.0,0.0,0.0,0.0,0.0,0.0,0.0,0.0,0.0,0.0,0.0,0.0,0.0,0.0,0.0,0.0,0.0,0.0,0.0,0.0,0.0,0.0,0.0,0.0,0.0,0.0,0.0,0.0,0.0,0.0,0.0,0.0,0.0,0.0,0.0,0.0,0.0,0.0,0.0,0.0,0.0,0.0,0.0,0.0,0.0,0.0,0.0,0.0,0.0,0.0,0.0,0.0,0.0,0.0,0.0,0.0,0.0,0.0,0.0,0.0,0.0,0.0,0.0,0.0,0.0,0.0,0.0,0.0,0.0,0.0,0.0,0.0,0.0,0.0,0.0037750465483098604,0.004079911736056339,0.00439255978943662,0.004745672198974359,0.005139897114102564,0.005544184701025643,0.005952532812500001,0.0063394234375,0.006736190624999999,0.0071436389176470555,0.007622461788235294,0.008113512517647059,0.00861707797647059,0.011592081013793113,0.014890840350574723,0.018273802420689655,0.029267370570786534,0.04078285981573039,0.052489110370786504,0.06398904722022473,0.0757827805820225,0.0832899817809524,0.08730422523809525,0.09142088533333334,0.09564273909047619,0.10019833209638553,0.1092849925,0.11860375818674697,0.12773504708536582,0.13714834588591546,0.14746924816338025,0.156246881989,0.16321310902600003,0.170752114202,0.179301084824,0.18734934290799998,0.193848757728,0.20051410161,0.20734954489599997,0.21192787280066666,0.21427576325233333,0.2166836253103333,0.21915294485066666,0.221685290298,0.22304537632399998,0.222847797712,0.222645175986,0.222437382542,0.222224285714,0.22200574771200002,0.22178163074600002,0.21981148830288003,0.2110311037188,0.20202669539616,0.19279233195288004,0.18332231013696,0.17361047043623998,0.16512902806239999,0.17138928549855997,0.17780936322976,0.18439338610175998,0.19114540904768,0.1980697666512,0.21236504926016003,0.22892442532928003,0.24590651347711998,0.26332196496704,0.28426940287119995,0.32862356441435986,0.37411032334896016,0.42075778287335985,0.46859635603783995,0.5972320897848999,0.7342832524762002,0.8748317686370004,1.0189678248935,1.1667837052352998,1.3183716936519996,1.4738293175417003,1.5794831247680003,1.6652283802880001,1.753163122112,1.8433417986559997,1.9358227082239996,2.0306641491199997,2.1037710596879995,2.1618040833679997,2.2213183315,2.2823515626679995,2.344943135396,2.40913208822,2.4749593796040004,2.5424672479640003,2.611698251704,2.68269622918,2.7493635118666666,2.8139214572916664,2.8801274564083332,2.948023007966667,3.0176512706666667,3.0890567864999996,3.1622882473333336,3.2373843853333333,3.3144005321666663,3.3933809531666665,3.4743782134166667,3.5555634201833333,3.631513013966667,3.709398901833333,3.78927534935,3.871189222233333,3.955192319433333,4.041341373133333,4.1296906489,4.2202944122999995,4.309630787922,4.3946195287559995,4.481777483394,4.5711618522,4.66282543551,4.756829833716,4.853234447195999,4.952098676328,5.053486321518,5.157461183172,5.264091461724001,5.373443157594,5.485584950004501,5.600588805182,5.718529631122999,5.8394778271267,5.9635147923828,6.0907197261029005,6.2211696275205,6.3549480958034,6.4921431300756,6.6328405294829995,6.7771282931496,6.9250988201556005,7.0768489095374,7.2324687603971,7.3920639716835,7.555731342433,7.7027057373424,7.849800118351601,8.0006469645904,8.1553459156666,8.3139947311954,8.476691170792,8.643540514042002,8.814649920523602,8.990126549815,9.170083201472202,9.3546307950586,9.8434839766553,10.731350469901303,11.6418866268067,12.575660048965402,13.53326413804375,14.515318095780549,15.5224411239146,16.555269624233002,17.614457198571156,18.700683248836903,19.814635776962252,20.957028584951654,22.12857547480955,23.330024648637004,24.5621501086075,25.825717256870405,27.001358999520505,27.984125047736004,28.9919749300355,30.025551006267506,31.08551471627601,32.172527499905,33.2872889569895,34.43051140736151,35.602907170853,36.8052330872855,38.038245996480505,39.302734538252004,40.599500072411004,41.92936939876251,43.29318203710851,44.691802947245,46.12612888896051,47.597062982042004,49.10554650626751,50.65253346141201,52.100120000000004,52.100120000000004,52.100120000000004,52.100120000000004,52.100120000000004,52.100120000000004,52.100120000000004,52.100120000000004,52.100120000000004,52.100120000000004,52.100120000000004,52.100120000000004,52.100120000000004,52.100120000000004,52.100120000000004,52.100120000000004,52.100120000000004
C,0.0,0.0,0.0,0.0,0.0,0.0,0.0,0.0,0.0,0.0,0.0,0.0,0.0,0.0,0.0,0.0,0.0,0.0,0.0,0.0,0.0,0.0,0.0,0.0,0.0,0.0,0.0,0.0,0.0,0.0,0.0,0.0,0.0,0.0,0.0,0.0,0.0,0.0,0.0,0.0,0.0,0.0,0.0,0.0,0.0,0.0,0.0,0.0,0.0,0.0,0.0,0.0,0.0,0.0,0.0,0.0,0.0,0.0,0.0,0.0,0.0,0.0,0.0,0.0,0.0,0.0,0.0,0.0,0.0,0.0,0.0,0.0,0.0,0.0,0.0,0.0,0.0,0.0,0.0,0.0,0.0,0.0,0.0,0.0,0.0,0.0,0.0,0.0,0.0,0.0,0.0,0.0,0.0,-3.771829309859159e-06,-4.890078056338029e-06,-6.036874436619721e-06,-7.239874687179488e-06,-8.50019355128205e-06,-9.792682312820517e-06,-1.135127625000001e-05,-1.4136888749999998e-05,-1.699361249999999e-05,-1.993918703529409e-05,-2.4705108376470587e-05,-2.959273863529411e-05,-3.4604933152941185e-05,0.001174284288758625,0.0025364046517816134,0.003933293922137931,0.008509214763865175,0.013302747109303393,0.018165914397191004,0.022895067943483147,0.02774504031134832,0.030752960663107145,0.03225875820178572,0.03380297362,0.035386648617303576,0.037116410382072286,0.040954600615,0.04489083173326505,0.04866467512115852,0.052549710365971815,0.05674036021712675,0.060074692114370006,0.06240897775058001,0.06512351182510001,0.06857133062120001,0.0716493588413,0.0736889517808,0.07578061521474999,0.07792565784559999,0.07915267681446665,0.07947197421563333,0.07979942735423332,0.08013523829946666,0.08047962034659999,0.08053064609071998,0.08019399071936,0.07984874235608,0.07949468187176,0.07913158491991999,0.07875921671936,0.07837734248888,0.07638114665888002,0.06810126652879998,0.059610132588159996,0.050902151558880025,0.04197194528895999,0.03281370537423999,0.023939432773,0.020077203056199998,0.016116373130200003,0.012054398195200008,0.007888776583600005,0.0036168340990000054,0.0025701555973999994,0.0023770563741999993,0.0021790278968000006,0.0019759459606,0.0017981935319999998,0.0018419975146,0.0018869200456000002,0.0019329888796000001,0.0019802340524,0.0021008268643,0.0022291503934000006,0.0023607485590000006,0.0024957058045,0.0026341085370999995,0.0027760431639999995,0.0029216010019,0.003013953458,0.003084734328,0.003157322572,0.003231763136,0.003308104144,0.0033863937200000003,0.007994457689999984,0.01589540609000001,0.02399801687500002,0.032307430714999995,0.04082900610500002,0.049568057974999996,0.058530162645000036,0.06772107069500002,0.07714657627000003,0.08681264777499999,0.09436627154133333,0.10064911558333334,0.10709234986466666,0.11370001308533337,0.12047630549333335,0.12742556196,0.1345525212266667,0.14186095274666669,0.14935624145333332,0.15704269529333334,0.1649254299533333,0.17276453383333334,0.17985159566666667,0.18711933833333333,0.19457282550000002,0.2022164303333333,0.2100549863333333,0.21809378733333334,0.22633789699999998,0.234792379,0.241208340136,0.243612424528,0.24607786967200002,0.24860629360000003,0.25119918988000006,0.25385830100800005,0.256585307248,0.25938188886400004,0.262249850584,0.26519099713600003,0.26820725771200005,0.27130049927200006,0.27378777097000007,0.27629414812,0.27886453318000004,0.28150046042200005,0.2842037038480001,0.28697598951400005,0.28981899553000007,0.29273454384400005,0.29572455229600003,0.29879089078000004,0.30193547713600005,0.30516032509600005,0.30846754428400003,0.311859100486,0.31533729511,0.31890423778000004,0.32218334368800006,0.325480226842,0.328861215448,0.3323285427670001,0.33588439992300007,0.33953097804,0.34327063679,0.34710577798200004,0.35103880342500005,0.35507224133900006,0.359208577807,0.36189183126800006,0.36263247502800006,0.363392029452,0.364170968024,0.36496978575,0.365788999158,0.366629124776,0.36749069348,0.368374250494,0.369280362564,0.37020960361000005,0.371162569074,0.37213985439799996,0.37314208371999996,0.3741699027,0.375223949824,0.3726030374075,0.36305003924,0.35325321313249997,0.34320631501250004,0.33290291533999994,0.32233658457500003,0.3115005222425,0.3003878042225,0.288991506395,0.27730427188249995,0.2653187438075,0.25302725618,0.240422019365,0.22749499643749999,0.21423802682750004,0.20064270267500003,0.18670030700749995,0.17240206103,0.1577388150125,0.14270129557999997,0.12863,0.12863,0.12863,0.12863,0.12863,0.12863,0.12863,0.12863,0.12863,0.12863,0.12863,0.12863,0.12863,0.12863,0.12863,0.12863,0.12863
N,0.0,0.0,0.0,0.0,0.0,0.0,0.0,0.0,0.0,0.0,0.0,0.0,0.0,0.0,0.0,0.0,0.0,0.0,0.0,0.0,0.0,0.0,0.0,0.0,0.0,0.0,0.0,0.0,0.0,0.0,0.0,0.0,0.0,0.0,0.0,0.0,0.0,0.0,0.0,0.0,0.0,0.0,0.0,0.0,0.0,0.0,0.0,0.0,0.0,0.0,0.0,0.0,0.0,0.0,0.0,0.0,0.0,0.0,0.0,0.0,0.0,0.0,0.0,0.0,0.0,0.0,0.0,0.0,0.0,0.0,0.0,0.0,0.0,0.0,0.0,0.0,0.0,0.0,0.0,0.0,0.0,0.0,0.0,0.0,0.0,0.0,0.0,0.0,0.0,0.0,0.0,0.0,0.0,4.557112791816906e-06,5.890997671239437e-06,7.258935132605637e-06,8.683580046256411e-06,1.0166120616474359e-05,1.1686503338743596e-05,1.3525074402800012e-05,1.6833441134799997e-05,2.0226264011999988e-05,2.372422563952938e-05,2.9341936421647055e-05,3.51031085515294e-05,4.101110769129411e-05,4.788857667586209e-05,5.5024044678160945e-05,6.234164961379311e-05,6.025310441348314e-05,5.7803612669662916e-05,5.7445920297752796e-05,6.763411607078652e-05,7.808259643707867e-05,8.693013294047621e-05,9.450341011904764e-05,0.00010226990666666669,0.0001102348617202381,0.0001187039437012048,0.00013326629399999999,0.0001482006179710843,0.00014898122330487802,0.00015043748683943659,0.00016118561682253518,0.00017627988050700002,0.00019634440543800006,0.000212405132619,0.00021952066822800002,0.0002318490560539999,0.00025676622246400004,0.000282319520305,0.00030852493764799984,0.0003357537586626666,0.0003640191946193332,0.00039300660787133324,0.00042273388636266675,0.00045321991181199997,0.0004786198716076,0.0004971185853488,0.0005160894712614,0.0005355445701658001,0.0005554962095686,0.0005759572903488001,0.0005969407133854,0.0015673417342319913,0.006248301095820009,0.011048690991024004,0.015971673531731987,0.021020289210144004,0.026197821757836002,0.031229563334049998,0.03357739179157,0.03598515878047,0.038454411270719996,0.04098667001246,0.043583560635149995,0.042988127203886,0.041517197985638,0.040008720278552005,0.038461747956734,0.03733944472055999,0.03962754218006799,0.04197406692404801,0.04438046871176799,0.046848316460791996,0.041929255945837005,0.03640425052630599,0.030738254716809986,0.024927632783155004,0.018968664439189015,0.012857629398760017,0.006590595995820995,0.004905378248100001,0.0051704635196,0.005442317685400001,0.0057211090752,0.0060070179208,0.006300224454000001,0.00653745689808,0.00673624196688,0.0069401007900000014,0.00714916270488,0.007363562529360001,0.0075834339852,0.007808917370640001,0.00804015736824,0.00827729975664,0.0085204946988,0.008758388462399999,0.0089952143625,0.009238086021899999,0.009487155675600002,0.009742581648,0.010004527337999999,0.010273171368,0.010548655824,0.010831183686,0.011120917338,0.011418049610999998,0.01173460652,0.012105330159999999,0.012485505199999998,0.01287539652,0.013275232879999998,0.013685267119999997,0.01410577616,0.014537024879999999,0.01497927816,0.015366820082800001,0.0156420118744,0.0159242275356,0.01621365228,0.016510457074000003,0.016814841378400003,0.0171269975304,0.017447117867200004,0.017775408973200003,0.0181120774328,0.018457344077600003,0.018811422615600003,0.019433587837000003,0.020088415852,0.020759966878000004,0.0214486417662,0.022154904000800002,0.022879204539400004,0.023621981813000004,0.024383711832400002,0.025164895661600004,0.025966021838,0.026787591425600003,0.027630130541600007,0.028494190356400006,0.029380284460600002,0.030289014131000002,0.031220930538,0.03196282872968,0.032686455343620004,0.03342854210328,0.03418957918287001,0.034970047508030004,0.035770428004399994,0.0365912385919,0.03743300643902,0.038296258714250006,0.03918155033179,0.04008942695727,0.04246739610572999,0.046772866994330003,0.05118826834847,0.055716352600140004,0.060359997291874995,0.065122205076755,0.07000597860786,0.0750144039453,0.08015065055621502,0.08541801301829001,0.090819827612725,0.09635955573126502,0.102040658765655,0.10786676492170001,0.11384162751575,0.11996895816064003,0.1253565947489,0.12921987062880003,0.13318175163590001,0.13724476290150003,0.1414115045608,0.145684576749,0.1500667296091,0.15456076328670001,0.15916947792740002,0.16389584868590001,0.1687428507169,0.17371358418160002,0.1788111992438,0.18403894607250004,0.18940012483930002,0.194898135721,0.20053650390090003,0.2063187795636,0.21224866290150002,0.21832990410960004,0.2240204,0.2240204,0.2240204,0.2240204,0.2240204,0.2240204,0.2240204,0.2240204,0.2240204,0.2240204,0.2240204,0.2240204,0.2240204,0.2240204,0.2240204,0.2240204,0.2240204
O,0.0,0.0,0.0,0.0,0.0,0.0,0.0,0.0,0.0,0.0,0.0,0.0,0.0,0.0,0.0,0.0,0.0,0.0,0.0,0.0,0.0,0.0,0.0,0.0,0.0,0.0,0.0,0.0,0.0,0.0,0.0,0.0,0.0,0.0,0.0,0.0,0.0,0.0,0.0,0.0,0.0,0.0,0.0,0.0,0.0,0.0,0.0,0.0,0.0,0.0,0.0,0.0,0.0,0.0,0.0,0.0,0.0,0.0,0.0,0.0,0.0,0.0,0.0,0.0,0.0,0.0,0.0,0.0,0.0,0.0,0.0,0.0,0.0,0.0,0.0,0.0,0.0,0.0,0.0,0.0,0.0,0.0,0.0,0.0,0.0,0.0,0.0,0.0,0.0,0.0,0.0,0.0,0.0,-7.50518842321127e-08,-8.212665131492957e-08,-8.938202925070424e-08,-9.789774364820515e-08,-1.0769323501217949e-07,-1.177387583017949e-07,-1.2841499872125006e-07,-1.4126998138375e-07,-1.5445312666249996e-07,-1.6802922030588224e-07,-1.8813820992941175e-07,-2.0876072950588232e-07,-2.2990882665882353e-07,9.999998207103483e-05,0.00021289360243046011,0.00032866889751655175,0.0007056639937815737,0.0011005646895114625,0.0015013874683191008,0.0018920831196683149,0.002292760131894832,0.002541475526061905,0.0026662749254761906,0.002794258370666667,0.0029255121969309524,0.0030685109009927704,0.003379160023,0.003697744216773493,0.004007873780975609,0.00432666257525352,0.0046639732018591545,0.004928784976040001,0.005108986889360001,0.00532256606488,0.0056011883145600004,0.00584691716453,0.00600130822448,0.0061596408644749995,0.006322014149359999,0.006409656668713333,0.006423396481996666,0.006437487248056666,0.006451937662213333,0.00646675690286,0.006460520784296,0.006426531842848,0.006391675347444,0.006355929174667999,0.006319270674355999,0.006281676142848,0.006243121876484,0.006133638819048001,0.005749671076979999,0.005355906737935999,0.004952086421548,0.004537960723615999,0.004113260287603999,0.0037004863426999997,0.0035075387223799997,0.00330966527498,0.00310673886848,0.00289863452564,0.0026852186501,0.002443802013079999,0.0021902710036399995,0.0019302680945600006,0.00166363021052,0.0014186932584000001,0.0013787419985200001,0.00133777057072,0.0012957536615200002,0.00125266387688,0.0020845151354499996,0.0029940909721000017,0.003926877908500002,0.00488347449175,0.0058644931886499985,0.006870546465999998,0.007902281589850001,0.008337071163800001,0.0085209455208,0.008709515069200001,0.008902896569600001,0.009101215038400001,0.009304595492000002,0.017406596243799973,0.03125094761180002,0.045448659712500034,0.06000874022929999,0.07494057852710004,0.09025348763449999,0.10595723859790006,0.12206190780890004,0.13857764799540004,0.15551491723049998,0.18784063783306668,0.23026984090416674,0.2737821888042333,0.31840495561826676,0.3641665063946667,0.41109611531799983,0.45922578398133346,0.5085809681973334,0.5591980334126665,0.6111060719846667,0.6643396310876666,0.7201232425949999,0.78196896751,0.8453914159499998,0.910434776345,0.9771372114299998,1.0455409010699999,1.11569204226,1.18763482343,1.2614134330100002,1.3541406285918003,1.4808505635564002,1.6107945850286,1.7440579731800006,1.8807194481690006,2.0208708501804002,2.1646007393924,2.3119976759832004,2.4631567801442005,2.6181731720668004,2.777148531955601,2.9401812600086,2.953963736936,2.9581585338560004,2.962460457584,2.9668720759536003,2.9713963580224,2.9760361926032006,2.9807943882640004,2.9856739943072004,2.9906782205248,2.9958101964640003,3.0010731319168,3.0064703971648,3.0120055229792,3.0176817993968,3.023503078168,3.0294728900639996,2.9710094406456005,2.8998117165653996,2.8267976961575996,2.7519191511129,2.6751287630901,2.5963792137480004,2.515619544873,2.4327978882834005,2.3478623757975003,2.2607584093293003,2.1714323007609004,2.2287289493483,2.4796058298543007,2.7368882843337006,3.0007366951394006,3.27131873473125,3.5488093656760498,3.8333835505405998,4.1252211119630005,4.4245067326526515,4.731432385425901,5.0461924731347505,5.368988688738152,5.70002272519505,6.0395059956070005,6.3876572031825,6.744692621094402,6.888810479701352,6.624843157719201,6.354138410771851,6.076523703382251,5.7918213752572,5.499853766103501,5.200432965995652,4.89336764846405,4.5784664870391,4.255526197346851,3.9243434950133507,3.5847065543044003,3.2364001329417005,2.8792021555587497,2.5128871302449514,2.1372227320015016,1.7519680944693492,1.3568806430174003,0.95170755338225,0.5361925847563989,0.14737619999999998,0.14737619999999998,0.14737619999999998,0.14737619999999998,0.14737619999999998,0.14737619999999998,0.14737619999999998,0.14737619999999998,0.14737619999999998,0.14737619999999998,0.14737619999999998,0.14737619999999998,0.14737619999999998,0.14737619999999998,0.14737619999999998,0.14737619999999998,0.14737619999999998
Ne,0.0,0.0,0.0,0.0,0.0,0.0,0.0,0.0,0.0,0.0,0.0,0.0,0.0,0.0,0.0,0.0,0.0,0.0,0.0,0.0,0.0,0.0,0.0,0.0,0.0,0.0,0.0,0.0,0.0,0.0,0.0,0.0,0.0,0.0,0.0,0.0,0.0,0.0,0.0,0.0,0.0,0.0,0.0,0.0,0.0,0.0,0.0,0.0,0.0,0.0,0.0,0.0,0.0,0.0,0.0,0.0,0.0,0.0,0.0,0.0,0.0,0.0,0.0,0.0,0.0,0.0,0.0,0.0,0.0,0.0,0.0,0.0,0.0,0.0,0.0,0.0,0.0,0.0,0.0,0.0,0.0,0.0,0.0,0.0,0.0,0.0,0.0,0.0,0.0,0.0,0.0,0.0,0.0,0.0,0.0,0.0,0.0,0.0,0.0,0.0,0.0,0.0,0.0,0.0,0.0,0.0,0.0,0.0,0.0,0.0,0.0,0.0,0.0,0.0,0.0,0.0,0.0,0.0,0.0,0.0,0.0,0.0,0.0,0.0,0.0,0.0,0.0,0.0,0.0,0.0,0.0,0.0,0.0,0.0,0.0,0.0,0.0,0.0,0.0,0.0,0.0,0.0,0.0,0.0,0.0,0.0,0.0,0.0,0.0,0.0,0.0,0.0,0.0,0.0,0.0,0.0,0.0,0.0,0.0,0.0,0.0,0.0,0.0,0.0,0.0,2.5010514199999985e-05,5.227223960000004e-05,8.022964600000007e-05,0.00010890067299999998,0.00013830367739999994,0.0001684570159999999,0.00019938008860000004,0.00021327969180000002,0.0002200459688,0.0002269850212,0.00023410114559999998,0.00024139894239999998,0.000248883012,0.001062905745999997,0.002463186306000002,0.0038992073750000033,0.0053718800309999985,0.006882153957000003,0.008430971114999998,0.010019319793000005,0.011648219163000002,0.013318696118000004,0.015031808434999997,0.020688862997333336,0.02890990383333335,0.037340813750666654,0.045986877349333356,0.05485359061333334,0.06394662567999997,0.07327218314666668,0.08283519530666669,0.09264270829333329,0.10270035901333335,0.11301484129333332,0.12180493206999998,0.12386454206,0.1259766607,0.12814275957,0.13036410957999997,0.13264211541999998,0.13497831556,0.13737418157999998,0.13983118505999997,0.14017016388999998,0.13647819921999998,0.13269200253,0.128809089,0.12482716494999999,0.12074355442000001,0.11655567702000001,0.11226095236000001,0.10785660891,0.10333987514,0.09870778838,0.09395748153000001,0.11366653073,0.13547116507999993,0.15783264662,0.18076432299799994,0.20428162743199996,0.22839957602600003,0.25313276776999993,0.27849705299599997,0.30450911626400007,0.3311852250199999,0.35854206382399995,0.3865971514640001,0.415368840956,0.44487423397400006,0.47513335199,0.5061645480199999,0.5259923672479999,0.544238558132,0.562950220208,0.5821397131820001,0.601819163558,0.6220006978399999,0.64269737534,0.663922488572,0.68568933005,0.708011891894,0.730903933022,0.738930095316,0.727226602436,0.715224287324,0.7029156680880001,0.6902929227500001,0.6773478892460001,0.6640724055120001,0.6504580827600001,0.6364963054780001,0.6221781180679999,0.6074944515700001,0.592435896938,0.576993045126,0.56115603364,0.5449146599000001,0.5282588346880001,0.5107201016975,0.4918849069200001,0.4725689681225001,0.4527599741625,0.43244524821999997,0.4116121134750001,0.3902471617525001,0.36833674109250003,0.34586719953500006,0.32282403187250003,0.29919273289750004,0.27495818794,0.25010503854500005,0.2246174386875,0.1984792985575001,0.17167404077500012,0.14418447849749996,0.11599330299000003,0.0870824741625,0.05743370813999993,0.02969,0.02969,0.02969,0.02969,0.02969,0.02969,0.02969,0.02969,0.02969,0.02969,0.02969,0.02969,0.02969,0.02969,0.02969,0.02969,0.02969
Mg,0.0,0.0,0.0,0.0,0.0,0.0,0.0,0.0,0.0,0.0,0.0,0.0,0.0,0.0,0.0,0.0,0.0,0.0,0.0,0.0,0.0,0.0,0.0,0.0,0.0,0.0,0.0,0.0,0.0,0.0,0.0,0.0,0.0,0.0,0.0,0.0,0.0,0.0,0.0,0.0,0.0,0.0,0.0,0.0,0.0,0.0,0.0,0.0,0.0,0.0,0.0,0.0,0.0,0.0,0.0,0.0,0.0,0.0,0.0,0.0,0.0,0.0,0.0,0.0,0.0,0.0,0.0,0.0,0.0,0.0,0.0,0.0,0.0,0.0,0.0,0.0,0.0,0.0,0.0,0.0,0.0,0.0,0.0,0.0,0.0,0.0,0.0,0.0,0.0,0.0,0.0,0.0,0.0,0.0,0.0,0.0,0.0,0.0,0.0,0.0,0.0,0.0,0.0,0.0,0.0,0.0,0.0,0.0,0.0,0.0,0.0,0.0,0.0,0.0,0.0,0.0,0.0,0.0,0.0,0.0,0.0,0.0,0.0,0.0,0.0,0.0,0.0,0.0,0.0,0.0,0.0,0.0,0.0,0.0,0.0,0.0,0.0,0.0,0.0,0.0,0.0,0.0,0.0,0.0,0.0,0.0,0.0,0.0,0.0,0.0,0.0,0.0,0.0,0.0,0.0,0.0,0.0,0.0,0.0,0.0,0.0,0.0,0.0,0.0,0.0,0.0,0.0,0.0,0.0,0.0,0.0,0.0,0.0,0.0,0.0,0.0,0.0,0.0,0.00034921144999999873,0.0009522334500000008,0.0015706468750000015,0.0022048440749999993,0.002855234025000001,0.003522222374999999,0.004206234725000002,0.004907709975000001,0.005627090350000002,0.0063648313749999985,0.0081882696,0.010720106250000005,0.013316576349999996,0.015979307400000007,0.018709992000000005,0.02151037699999999,0.024382372000000006,0.027327496000000007,0.03034791899999999,0.033445377000000005,0.036621931499999996,0.03960500733333333,0.04159615866666667,0.043638073333333326,0.045732174,0.04787968933333332,0.05008197733333332,0.05234052533333333,0.054656755999999994,0.057032092,0.0583073786,0.0574652228,0.0566015722,0.055715860000000006,0.054807563,0.0538760708,0.052920794800000004,0.051941146400000006,0.0509364934,0.0499062036,0.0488496012,0.0477660322,0.0516938185,0.05604832599999999,0.060514039000000006,0.0650936231,0.0697901604,0.07460664970000001,0.0795460065,0.08461139620000001,0.08980615080000001,0.095133519,0.1005968328,0.10619959080000002,0.11194545820000001,0.11783785030000002,0.12388076550000002,0.13007786899999998,0.137000608,0.144198872,0.151580768,0.15915117200000004,0.16691486800000002,0.17487663999999997,0.18304164000000003,0.191415112,0.20000230000000002,0.20880872400000003,0.217839812,0.22647739599999997,0.234530116,0.242788444,0.251257528,0.25994275,0.26884972599999996,0.277984072,0.28735156,0.29695811800000005,0.306809908,0.31691317,0.32727437800000003,0.337900006,0.34879684,0.3599719,0.37143212800000003,0.37402368425,0.359691676,0.34499386175,0.32992087375,0.3144630659999999,0.29861079250000006,0.2823538507500001,0.26568185275,0.2485844105,0.23105048674999998,0.21306904425000003,0.194628582,0.17571741350000003,0.15632348124999998,0.13643454225000004,0.11603798250000007,0.09512072424999996,0.07366959700000002,0.05167087374999999,0.02911064199999994,0.008,0.008,0.008,0.008,0.008,0.008,0.008,0.008,0.008,0.008,0.008,0.008,0.008,0.008,0.008,0.008,0.008
Si,0.0,0.0,0.0,0.0,0.0,0.0,0.0,0.0,0.0,0.0,0.0,0.0,0.0,0.0,0.0,0.0,0.0,0.0,0.0,0.0,0.0,0.0,0.0,0.0,0.0,0.0,0.0,0.0,0.0,0.0,0.0,0.0,0.0,0.0,0.0,0.0,0.0,0.0,0.0,0.0,0.0,0.0,0.0,0.0,0.0,0.0,0.0,0.0,0.0,0.0,0.0,0.0,0.0,0.0,0.0,0.0,0.0,0.0,0.0,0.0,0.0,0.0,0.0,0.0,0.0,0.0,0.0,0.0,0.0,0.0,0.0,0.0,0.0,0.0,0.0,0.0,0.0,0.0,0.0,0.0,0.0,0.0,0.0,0.0,0.0,0.0,0.0,0.0,0.0,0.0,0.0,0.0,0.0,0.0,0.0,0.0,0.0,0.0,0.0,0.0,0.0,0.0,0.0,0.0,0.0,0.0,0.0,0.0,0.0,0.0,0.0,0.0,0.0,0.0,0.0,0.0,0.0,0.0,0.0,0.0,0.0,0.0,0.0,0.0,0.0,0.0,0.0,0.0,0.0,0.0,0.0,0.0,0.0,0.0,0.0,0.0,0.0,0.0,0.0,0.0,0.0,0.0,0.0,0.0,0.0,0.0,0.0,0.0,0.0,0.0,0.0,0.0,0.0,0.0,0.0,0.0,0.0,0.0,0.0,0.0,0.0,0.0,0.0,0.0,0.0,0.0,0.0,0.0,0.0,0.0,0.0,0.0,0.0,0.0,0.0,0.0,0.0,0.0,0.001963986199999993,0.005355418200000005,0.008833412500000009,0.012400175699999997,0.016058007900000008,0.019809190499999997,0.023656117100000016,0.02760125610000001,0.03164709460000001,0.035796194499999996,0.03998977493333334,0.04425228333333334,0.04862360626666666,0.05310648373333335,0.057703765333333344,0.06241839199999999,0.06725357866666669,0.07221188266666669,0.07729695733333332,0.08251172533333334,0.08785965733333333,0.09432524466666668,0.10477365733333334,0.11548844666666663,0.12647707800000002,0.13774599866666662,0.14930233466666662,0.1611538906666667,0.17330813199999998,0.18577252400000002,0.19883228000000003,0.21273944000000003,0.22700156000000002,0.24162800000000004,0.25662740000000006,0.27200984000000006,0.28778503999999994,0.30396272,0.32055332000000003,0.33756728,0.35501576000000007,0.37290956,0.357180894,0.3388428240000001,0.32003643600000004,0.30075050440000006,0.2809720496000001,0.26068844280000003,0.23988740600000008,0.21855560880000005,0.19667901919999994,0.17424395600000006,0.15123638720000007,0.12764157919999994,0.10344409679999998,0.07862955719999995,0.05318112199999998,0.027083356000000045,0.021890954320000003,0.020320637379999996,0.018710260719999997,0.017058760629999996,0.015365093469999999,0.013628215600000004,0.011847003099999998,0.010020311980000004,0.008146998249999997,0.006225857709999999,0.004255706230000001,0.0032205014599999996,0.00343007866,0.00364500694,0.0038654202800000002,0.00409145875,0.00432326851,0.00456099572,0.0048047906,0.0050548074300000015,0.005311206580000001,0.00557415045,0.005843807530000001,0.00612034631,0.006403943400000001,0.0066947815,0.006993041280000002,0.0072424458075,0.007393492040000001,0.007548393532499999,0.007707249012500001,0.00787016014,0.008037228575000001,0.0082085618425,0.008384269422500002,0.008564460795,0.008749252282500002,0.0089387602075,0.009133105780000001,0.009332412165,0.009536806437500002,0.0097464176275,0.009961378675,0.010181827407500002,0.01040790263,0.010639749012500001,0.010877513180000001,0.0111,0.0111,0.0111,0.0111,0.0111,0.0111,0.0111,0.0111,0.0111,0.0111,0.0111,0.0111,0.0111,0.0111,0.0111,0.0111,0.0111
S,0.0,0.0,0.0,0.0,0.0,0.0,0.0,0.0,0.0,0.0,0.0,0.0,0.0,0.0,0.0,0.0,0.0,0.0,0.0,0.0,0.0,0.0,0.0,0.0,0.0,0.0,0.0,0.0,0.0,0.0,0.0,0.0,0.0,0.0,0.0,0.0,0.0,0.0,0.0,0.0,0.0,0.0,0.0,0.0,0.0,0.0,0.0,0.0,0.0,0.0,0.0,0.0,0.0,0.0,0.0,0.0,0.0,0.0,0.0,0.0,0.0,0.0,0.0,0.0,0.0,0.0,0.0,0.0,0.0,0.0,0.0,0.0,0.0,0.0,0.0,0.0,0.0,0.0,0.0,0.0,0.0,0.0,0.0,0.0,0.0,0.0,0.0,0.0,0.0,0.0,0.0,0.0,0.0,0.0,0.0,0.0,0.0,0.0,0.0,0.0,0.0,0.0,0.0,0.0,0.0,0.0,0.0,0.0,0.0,0.0,0.0,0.0,0.0,0.0,0.0,0.0,0.0,0.0,0.0,0.0,0.0,0.0,0.0,0.0,0.0,0.0,0.0,0.0,0.0,0.0,0.0,0.0,0.0,0.0,0.0,0.0,0.0,0.0,0.0,0.0,0.0,0.0,0.0,0.0,0.0,0.0,0.0,0.0,0.0,0.0,0.0,0.0,0.0,0.0,0.0,0.0,0.0,0.0,0.0,0.0,0.0,0.0,0.0,0.0,0.0,0.0,0.0,0.0,0.0,0.0,0.0,0.0,0.0,0.0,0.0,0.0,0.0,0.0,0.0009977469999999963,0.002720667000000002,0.004487562500000004,0.006299554499999998,0.008157811500000004,0.010063492499999998,0.012017813500000007,0.014022028500000004,0.016077401000000005,0.018185232499999995,0.020030238933333333,0.021725908333333335,0.023464865266666662,0.02524819973333334,0.027077045333333338,0.028952571999999996,0.03087605866666667,0.03284852266666667,0.03487141733333333,0.03694590533333334,0.03907336733333333,0.041971181,0.047729098000000005,0.05363380999999999,0.05968943100000001,0.06589951399999998,0.07226798599999998,0.07879914800000001,0.08549711399999999,0.092365998,0.09966782260000001,0.10763353480000001,0.1158025602,0.12418026000000001,0.13277158300000003,0.14158230280000003,0.15061798679999996,0.15988420240000004,0.16938692940000002,0.1791321476,0.18912624920000004,0.19937542020000001,0.19052510910000003,0.18019452360000007,0.16960011540000003,0.15873556066000005,0.14759354744000006,0.13616696142,0.12444888590000006,0.11243181132000002,0.10010783287999997,0.08746924340000004,0.07450813808000002,0.061216216879999966,0.04758478451999999,0.033605738579999975,0.019269593299999995,0.004567653400000027,0.00234869248,0.00231113632,0.0022726220800000003,0.0022331243200000004,0.00219261808,0.0021510784,0.0021084784,0.00206479072,0.002019988,0.00197404144,0.0019269227200000001,0.00195483586,0.0020818210600000004,0.00221204854,0.00234559948,0.0024825587499999998,0.0026230149099999997,0.00276705652,0.0029147746,0.0030662626300000007,0.0032216177800000003,0.00338093845,0.0035443267300000005,0.00371188471,0.0038837194000000005,0.0040599415,0.004240660480000001,0.004391521137500001,0.004482303400000001,0.0045754027625,0.0046708785625,0.0047687919,0.004869203875,0.0049721791125,0.0050777834125,0.005186082575,0.005297146512500001,0.005411045137500001,0.0055278513,0.005647639025,0.005770484687500001,0.0058964658375,0.006025662375,0.0061581571375,0.00629403355,0.006433378562500001,0.006576280300000001,0.00671,0.00671,0.00671,0.00671,0.00671,0.00671,0.00671,0.00671,0.00671,0.00671,0.00671,0.00671,0.00671,0.00671,0.00671,0.00671,0.00671
Ca,0.0,0.0,0.0,0.0,0.0,0.0,0.0,0.0,0.0,0.0,0.0,0.0,0.0,0.0,0.0,0.0,0.0,0.0,0.0,0.0,0.0,0.0,0.0,0.0,0.0,0.0,0.0,0.0,0.0,0.0,0.0,0.0,0.0,0.0,0.0,0.0,0.0,0.0,0.0,0.0,0.0,0.0,0.0,0.0,0.0,0.0,0.0,0.0,0.0,0.0,0.0,0.0,0.0,0.0,0.0,0.0,0.0,0.0,0.0,0.0,0.0,0.0,0.0,0.0,0.0,0.0,0.0,0.0,0.0,0.0,0.0,0.0,0.0,0.0,0.0,0.0,0.0,0.0,0.0,0.0,0.0,0.0,0.0,0.0,0.0,0.0,0.0,0.0,0.0,0.0,0.0,0.0,0.0,0.0,0.0,0.0,0.0,0.0,0.0,0.0,0.0,0.0,0.0,0.0,0.0,0.0,0.0,0.0,0.0,0.0,0.0,0.0,0.0,0.0,0.0,0.0,0.0,0.0,0.0,0.0,0.0,0.0,0.0,0.0,0.0,0.0,0.0,0.0,0.0,0.0,0.0,0.0,0.0,0.0,0.0,0.0,0.0,0.0,0.0,0.0,0.0,0.0,0.0,0.0,0.0,0.0,0.0,0.0,0.0,0.0,0.0,0.0,0.0,0.0,0.0,0.0,0.0,0.0,0.0,0.0,0.0,0.0,0.0,0.0,0.0,0.0,0.0,0.0,0.0,0.0,0.0,0.0,0.0,0.0,0.0,0.0,0.0,0.0,0.0001948232299999993,0.0005312460300000005,0.0008762556250000008,0.0012300709049999996,0.0015929200350000008,0.0019650293249999996,0.0023466362150000013,0.002737985565000001,0.003139324090000001,0.003550905925,0.0038588648,0.00410388125,0.00435515255,0.0046128362000000004,0.004877096,0.0051481009999999995,0.005426036,0.005711048000000001,0.006003346999999999,0.006303101,0.006610509499999999,0.0070090594,0.0077418852,0.008493393999999998,0.0092641094,0.010054483599999997,0.010865016399999997,0.0116962552,0.012548723599999999,0.013422945200000001,0.014166445200000002,0.0146454696,0.015136720400000001,0.01564052,0.016157166000000004,0.016687005600000002,0.017230373599999998,0.017787604800000002,0.0183590588,0.0189450952,0.019546098400000003,0.0201624404,0.019244791764999998,0.018203316940000006,0.017135244910000003,0.016039938139000006,0.014916659476000006,0.013764691693,0.012583337485000004,0.011371839778000003,0.010129401651999997,0.008855246110000003,0.007548576232000003,0.0062085552519999965,0.0048343065579999995,0.003425013306999997,0.0019797191949999992,0.0004975476100000028,0.00027765224000000005,0.00027843466,0.00027923704,0.00028005991000000003,0.00028090379000000003,0.0002817692,0.0002826567,0.00028356686,0.00028450025,0.00028545747,0.00028643911,0.00029531454299999997,0.00031456880300000003,0.000334314677,0.000354564474,0.0003753310625,0.0003966278705,0.00041846832599999996,0.00044086623,0.0004638357565000001,0.00048739163900000004,0.0005115487975,0.0005363227115000001,0.0005617288605,0.00058778347,0.000614503325,0.0006419050240000001,0.0006646946375,0.0006782154,0.0006920812624999999,0.0007063010625000001,0.0007208839,0.000735838875,0.0007511756125,0.0007669039125,0.000783033575,0.0007995750125,0.0008165386375000001,0.0008339353,0.0008517760250000001,0.0008700721875000002,0.0008888353375000001,0.0009080773750000001,0.0009278106375000001,0.00094804755,0.0009688010625000001,0.0009900843000000001,0.00101,0.00101,0.00101,0.00101,0.00101,0.00101,0.00101,0.00101,0.00101,0.00101,0.00101,0.00101,0.00101,0.00101,0.00101,0.00101,0.00101
Fe,0.0,0.0,0.0,0.0,0.0,0.0,0.0,0.0,0.0,0.0,0.0,0.0,0.0,0.0,0.0,0.0,0.0,0.0,0.0,0.0,0.0,0.0,0.0,0.0,0.0,0.0,0.0,0.0,0.0,0.0,0.0,0.0,0.0,0.0,0.0,0.0,0.0,0.0,0.0,0.0,0.0,0.0,0.0,0.0,0.0,0.0,0.0,0.0,0.0,0.0,0.0,0.0,0.0,0.0,0.0,0.0,0.0,0.0,0.0,0.0,0.0,0.0,0.0,0.0,0.0,0.0,0.0,0.0,0.0,0.0,0.0,0.0,0.0,0.0,0.0,0.0,0.0,0.0,0.0,0.0,0.0,0.0,0.0,0.0,0.0,0.0,0.0,0.0,0.0,0.0,0.0,0.0,0.0,0.0,0.0,0.0,0.0,0.0,0.0,0.0,0.0,0.0,0.0,0.0,0.0,0.0,0.0,0.0,0.0,0.0,0.0,0.0,0.0,0.0,0.0,0.0,0.0,0.0,0.0,0.0,0.0,0.0,0.0,0.0,0.0,0.0,0.0,0.0,0.0,0.0,0.0,0.0,0.0,0.0,0.0,0.0,0.0,0.0,0.0,0.0,0.0,0.0,0.0,0.0,0.0,0.0,0.0,0.0,0.0,0.0,0.0,0.0,0.0,0.0,0.0,0.0,0.0,0.0,0.0,0.0,0.0,0.0,0.0,0.0,0.0,0.0,0.0,0.0,0.0,0.0,0.0,0.0,0.0,0.0,0.0,0.0,0.0,0.0,0.008874696999999968,0.024199617000000024,0.03991568750000004,0.05603287949999999,0.07256158650000004,0.08951211749999999,0.10689528850000007,0.12472225350000005,0.14300425100000005,0.16175285749999999,0.16899999999999998,0.169,0.16899999999999998,0.169,0.169,0.169,0.169,0.169,0.169,0.169,0.169,0.16808142666666667,0.16356541333333335,0.15893426666666668,0.15418476,0.14931410666666667,0.14431922666666666,0.13919674666666668,0.13394344000000002,0.12855608,0.12679868200000002,0.131975236,0.137283914,0.14272820000000003,0.14831131000000003,0.154036996,0.15990887599999998,0.16593056800000003,0.17210595800000003,0.17843893200000002,0.18493364400000004,0.191594114,0.18300839470000002,0.17320474120000004,0.1631507218,0.15284033522000004,0.14226664248000004,0.13142289214,0.12030252030000003,0.10889840044000003,0.09720303095999998,0.08520909780000004,0.07290909936000002,0.06029515895999997,0.04735902483999999,0.03409300785999997,0.020488106099999993,0.006536067800000026,0.0045350076,0.004624985900000001,0.004717259600000001,0.004811889650000001,0.004908935850000001,0.005008458,0.005110520500000001,0.005215188900000001,0.0053225287500000005,0.005432609050000001,0.00554549765,0.0057725013899999995,0.006148811190000001,0.00653472921,0.00693049602,0.007336363125,0.007752592964999999,0.008179447979999999,0.0086171979,0.009066119745000002,0.00952650147,0.009998634675,0.010482821895000001,0.010979365665,0.011488583100000001,0.01201080225,0.012546347520000002,0.012992551425,0.0132591036,0.013532459175,0.013812792375000002,0.014100282600000002,0.01439510925,0.014697462075,0.015007534275000001,0.01532551905,0.015651621675,0.015986047425,0.0163290102,0.01668072735,0.017041423125000003,0.017411325225000003,0.017790668250000002,0.018179695425000003,0.0185786517,0.018987792375000003,0.019407376200000003,0.0198,0.0198,0.0198,0.0198,0.0198,0.0198,0.0198,0.0198,0.0198,0.0198,0.0198,0.0198,0.0198,0.0198,0.0198,0.0198,0.0198
Other,0.0,0.0,0.0,0.0,0.0,0.0,0.0,0.0,0.0,0.0,0.0,0.0,0.0,0.0,0.0,0.0,0.0,0.0,0.0,0.0,0.0,0.0,0.0,0.0,0.0,0.0,0.0,0.0,0.0,0.0,0.0,0.0,0.0,0.0,0.0,0.0,0.0,0.0,0.0,0.0,0.0,0.0,0.0,0.0,0.0,0.0,0.0,0.0,0.0,0.0,0.0,0.0,0.0,0.0,0.0,0.0,0.0,0.0,0.0,0.0,0.0,0.0,0.0,0.0,0.0,0.0,0.0,0.0,0.0,0.0,0.0,0.0,0.0,0.0,0.0,0.0,0.0,0.0,0.0,0.0,0.0,0.0,0.0,0.0,0.0,0.0,0.0,0.0,0.0,0.0,0.0,0.0,0.0,0.5888659481848811,0.5930053885554871,0.5972505041868262,0.5999530816241795,0.6010932782289903,0.6022625785859375,0.6037486601705959,0.6067340173588466,0.6097955848891147,0.6129581243788513,0.6187003394513413,0.6245891953790486,0.6306281324166412,0.6321853577249082,0.633314965166627,0.6344734064893524,0.631829899364906,0.6289960407278413,0.6274587148771135,0.6325888170387552,0.6378499813221175,0.6425867280874142,0.6469152858435714,0.651354279436,0.6559067033288072,0.6607356233997398,0.668819480568,0.6771098278958457,0.6866551057160244,0.6963997352353156,0.7057627708289803,0.7146496080400832,0.7229571799286221,0.7319690537754009,0.742229887572012,0.751871972030116,0.7596112560442561,0.7675481227904701,0.7756875381713921,0.7825934672908241,0.7882842925220841,0.7941204771461721,0.8001056226346241,0.8062435305407281,0.8184490901293765,0.8385760027404432,0.8592166466392147,0.8803841224414064,0.9020918426821556,0.9243538437354435,0.9471841619752508,0.9666131604849603,0.9710629175796003,0.9756262062867203,0.9803060325349603,0.9851052866403203,0.9900270901440803,0.9946771614878503,0.9954252577312903,0.9961924523845902,0.9969792383638401,0.99778610023062,0.9986135559645499,1.002037347525474,1.006228382107242,1.010526401452968,1.014934101305106,1.0194365736178401,1.023921991292452,1.028521945510672,1.033239278273752,1.038077065172088,0.9143183720553132,0.7791002047923938,0.6404314595326898,0.49822315585409527,0.3523842440223615,0.20282367430324064,0.04944522368212917,0.003352042670300378,0.002828030374800482,0.0022906375402005873,0.0017395314176006974,0.001174355730400808,0.0005947542020009203,-0.0003383811458791576,-0.0015328870226793837,-0.0027578812524996126,-0.004014141028179842,-0.005302476474460085,-0.006623691129700327,-0.007978628050540585,-0.009368156639140842,-0.010793152884041106,-0.012254519119301373,-0.011745087634134755,-0.009976877808334656,-0.008163528616467899,-0.006303903428534459,-0.004396820149334359,-0.00244105879600093,-0.0004352857226674802,0.0016215599253326305,0.003730993654666065,0.005894227870666191,0.008112702304666304,0.00958494573166636,0.007971138103332847,0.006316187316665996,0.004618940314999134,0.0028784012766656076,0.0010934695566654068,-0.0007370603133348059,-0.00261434139000168,-0.004539526730001903,-0.005335209022601882,-0.003967911134801418,-0.0025657149602009424,-0.0011277002600004527,0.00034698241700005094,0.001859324097200562,0.003410280413201082,0.005000806997601629,0.006631930270602185,0.00830467665240275,0.010020143350803338,0.011779392179803927,0.011156565457503593,0.010360600170003188,0.009544307505002765,0.00870720021450234,0.0078487149180019,0.006968303461501445,0.006065432917500986,0.00513952467900051,0.00418996968600002,0.0032161741049995256,0.0022175288759990128,0.0011933944859984832,0.0001431009689979471,-0.0009339759615026063,-0.002038567177503171,-0.0031713426450037485,-0.001201992293683959,0.0013626185053759047,0.003992654052715757,0.006689851578625613,0.009455915535465455,0.012292550375595287,0.015201591663095137,0.018184907739974963,0.021244366948244803,0.024381935963704627,0.027599548684224443,-0.861340057946331,-2.924144099926936,-5.039617179631875,-7.209078021070945,-9.433905290254378,-11.715537595192854,-14.05541354389706,-16.455011705711303,-18.915850611313527,-21.4395087333821,-24.027584525262228,-26.681736382299576,-29.403622699839758,-32.19498179589571,-35.05761193048075,-37.99329138294145,-39.66355764533326,-38.89073253268401,-38.09818205718076,-37.28540108148876,-36.451869464194,-35.59706706388251,-34.720443730981756,-33.821439313199754,-32.89949365824451,-31.954011604305755,-30.98439798957326,-29.990032645438006,-28.97028540057151,-27.924506078206257,-26.85203449885526,-25.752190477592514,-24.624268822693256,-23.46755934107301,-22.28132183148876,-21.064806089978006,-19.92645660000001,-19.92645660000001,-19.92645660000001,-19.92645660000001,-19.92645660000001,-19.92645660000001,-19.92645660000001,-19.92645660000001,-19.92645660000001,-19.92645660000001,-19.92645660000001,-19.92645660000001,-19.92645660000001,-19.92645660000001,-19.92645660000001,-19.92645660000001,-19.92645660000001
