M,8.00e-02,8.20e-02,8.41e-02,8.63e-02,8.85e-02,9.07e-02,9.31e-02,9.54e-02,9.79e-02,1.00e-01,1.03e-01,1.06e-01,1.08e-01,1.11e-01,1.14e-01,1.17e-01,1.20e-01,1.23e-01,1.26e-01,1.29e-01,1.32e-01,1.36e-01,1.39e-01,1.43e-01,1.46e-01,1.50e-01,1.54e-01,1.58e-01,1.62e-01,1.66e-01,1.70e-01,1.75e-01,1.79e-01,1.84e-01,1.88e-01,1.93e-01,1.98e-01,2.03e-01,2.08e-01,2.14e-01,2.19e-01,2.25e-01,2.31e-01,2.36e-01,2.43e-01,2.49e-01,2.55e-01,2.62e-01,2.68e-01,2.75e-01,2.82e-01,2.89e-01,2.97e-01,3.04e-01,3.12e-01,3.20e-01,3.28e-01,3.37e-01,3.45e-01,3.54e-01,3.63e-01,3.72e-01,3.82e-01,3.91e-01,4.01e-01,4.12e-01,4.22e-01,4.33e-01,4.44e-01,4.55e-01,4.67e-01,4.79e-01,4.91e-01,5.04e-01,5.17e-01,5.30e-01,5.43e-01,5.57e-01,5.71e-01,5.86e-01,6.01e-01,6.16e-01,6.32e-01,6.48e-01,6.65e-01,6.82e-01,6.99e-01,7.17e-01,7.35e-01,7.54e-01,7.73e-01,7.93e-01,8.13e-01,8.34e-01,8.55e-01,8.77e-01,8.99e-01,9.22e-01,9.46e-01,9.70e-01,9.95e-01,1.02e+00,1.05e+00,1.07e+00,1.10e+00,1.13e+00,1.16e+00,1.19e+00,1.22e+00,1.25e+00,1.28e+00,1.31e+00,1.35e+00,1.38e+00,1.42e+00,1.45e+00,1.49e+00,1.53e+00,1.57e+00,1.61e+00,1.65e+00,1.69e+00,1.73e+00,1.78e+00,1.82e+00,1.87e+00,1.92e+00,1.96e+00,2.01e+00,2.07e+00,2.12e+00,2.17e+00,2.23e+00,2.29e+00,2.34e+00,2.40e+00,2.46e+00,2.53e+00,2.59e+00,2.66e+00,2.73e+00,2.80e+00,2.87e+00,2.94e+00,3.02e+00,3.09e+00,3.17e+00,3.25e+00,3.34e+00,3.42e+00,3.51e+00,3.60e+00,3.69e+00,3.78e+00,3.88e+00,3.98e+00,4.08e+00,4.18e+00,4.29e+00,4.40e+00,4.51e+00,4.63e+00,4.75e+00,4.87e+00,4.99e+00,5.12e+00,5.25e+00,5.38e+00,5.52e+00,5.66e+00,5.81e+00,5.96e+00,6.11e+00,6.26e+00,6.42e+00,6.59e+00,6.76e+00,6.93e+00,7.11e+00,7.29e+00,7.47e+00,7.66e+00,7.86e+00,8.06e+00,8.27e+00,8.48e+00,8.69e+00,8.91e+00,9.14e+00,9.38e+00,9.61e+00,9.86e+00,1.01e+01,1.04e+01,1.06e+01,1.09e+01,1.12e+01,1.15e+01,1.18e+01,1.21e+01,1.24e+01,1.27e+01,1.30e+01,1.33e+01,1.37e+01,1.40e+01,1.44e+01,1.48e+01,1.51e+01,1.55e+01,1.59e+01,1.63e+01,1.67e+01,1.72e+01,1.76e+01,1.81e+01,1.85e+01,1.90e+01,1.95e+01,2.00e+01,2.05e+01,2.10e+01,2.15e+01,2.21e+01,2.27e+01,2.32e+01,2.38e+01,2.44e+01,2.51e+01,2.57e+01,2.64e+01,2.70e+01,2.77e+01,2.84e+01,2.91e+01,2.99e+01,3.07e+01,3.14e+01,3.22e+01,3.31e+01,3.39e+01,3.48e+01,3.57e+01,3.66e+01,3.75e+01,3.85e+01,3.94e+01,4.04e+01,4.15e+01,4.25e+01,4.36e+01,4.47e+01,4.59e+01,4.70e+01,4.83e+01,4.95e+01,5.07e+01,5.20e+01,5.34e+01,5.47e+01,5.61e+01,5.76e+01,5.90e+01,6.05e+01,6.21e+01,6.37e+01,6.53e+01,6.70e+01,6.87e+01,7.04e+01,7.22e+01,7.41e+01,7.60e+01,7.79e+01,7.99e+01,8.19e+01,8.40e+01,8.62e+01,8.84e+01,9.06e+01,9.29e+01,9.53e+01,9.77e+01,1.00e+02,1.03e+02,1.05e+02,1.08e+02,1.11e+02,1.14e+02,1.17e+02,1.20e+02,1.23e+02,1.26e+02,1.29e+02,1.32e+02,1.36e+02,1.39e+02,1.43e+02,1.46e+02,1.50e+02
H,0.0,0.0,0.0,0.0,0.0,0.0,0.0,0.0,0.0,0.0,0.0,0.0,0.0,0.0,0.0,0.0,0.0,0.0,0.0,0.0,0.0,0.0,0.0,0.0,0.0,0.0,0.0,0.0,0.0,0.0,0.0,0.0,0.0,0.0,0.0,0.0,0.0,0.0,0.0,0.0,0.0,0.0,0.0,0.0,0.0,0.0,0.0,0.0,0.0,0.0,0.0,0.0,0.0,0.0,0.0,0.0,0.0,0.0,0.0,0.0,0.0,0.0,0.0,0.0,0.0,0.0,0.0,0.0,0.0,0.0,0.0,0.0,0.0,0.0,0.0,0.0,0.0,0.0,0.0,0.0,0.0,0.0,0.0,0.0,0.0,0.0,0.0,0.0,0.0,0.0,0.0,0.0,0.0,0.0,0.0,0.0,0.0,0.0,0.0,0.0,0.0,0.296312,0.31508,0.32759200000000005,0.34636000000000006,0.3651279999999999,0.38389599999999996,0.40266399999999997,0.421432,0.4402,0.463096,0.48599200000000004,0.5165200000000001,0.5394159999999999,0.569944,0.5928399999999999,0.623368,0.651316,0.678404,0.705492,0.73258,0.759668,0.786756,0.8190400000000001,0.8440266666666667,0.8752600000000001,0.9077,0.9350999999999999,0.9693499999999998,1.0104499999999998,1.0384666666666666,1.0571333333333333,1.0795333333333332,1.10812,1.13452,1.1662,1.19788,1.23814,1.27642,1.32108,1.36574,1.4103999999999999,1.45506,1.49972,1.55312,1.60604,1.66652,1.7269999999999999,1.7950399999999997,1.8555199999999998,1.9215399999999998,1.9713999999999998,2.02126,2.07112,2.12652,2.18192,2.23396,2.28516,2.34148,2.3978,2.45274,2.49762,2.5425,2.58738,2.63226,2.72072,2.8125,2.90428,2.9976399999999996,3.0581199999999997,3.1229199999999997,3.18772,3.2547357142857143,3.322557142857143,3.3949000000000003,3.4717642857142863,3.548628571428573,3.6254928571428584,3.706878571428573,3.788264285714287,3.8696500000000023,3.9555571428571454,4.045985714285717,4.136414285714289,4.231364285714289,4.3263142857142896,4.421264285714289,4.520735714285719,4.624728571428576,4.733242857142862,4.837235714285719,4.950271428571433,5.05878571428572,5.194428571428578,5.284857142857149,5.420500000000008,5.556142857142864,5.691785714285722,5.82742857142858,5.963071428571437,6.098714285714295,6.234357142857152,6.370000000000011,6.481000000000012,6.629000000000014,6.740000000000015,6.888000000000017,7.036000000000019,7.12200000000002,7.170000000000023,7.2180000000000275,7.266000000000031,7.314000000000035,7.374000000000039,7.422000000000042,7.544000000000054,7.840000000000081,8.210000000000115,8.58000000000015,8.950000000000184,9.075000000000188,9.200000000000188,9.32500000000019,9.475000000000191,9.625000000000194,9.750000000000194,9.900000000000198,10.050000000000198,10.198000000000203,10.186000000000213,10.172000000000224,10.160000000000236,10.14600000000025,10.13200000000026,10.118000000000274,10.102000000000288,10.114000000000273,10.128000000000254,10.144000000000236,10.162000000000214,10.178000000000193,10.19600000000017,10.214000000000148,10.232000000000125,10.250000000000103,10.270000000000078,10.288000000000055,10.30000000000004,10.30000000000004,10.30000000000004,10.30000000000004,10.30000000000004,10.30000000000004,10.30000000000004,10.30000000000004,10.30000000000004,10.30000000000004,10.30000000000004,10.30000000000004,10.30000000000004,10.30000000000004,10.30000000000004,10.30000000000004,10.30000000000004,10.30000000000004,10.30000000000004,10.30000000000004,10.30000000000004,10.30000000000004,10.30000000000004,10.30000000000004,10.30000000000004,10.30000000000004,10.30000000000004,10.30000000000004,10.30000000000004,10.30000000000004,10.30000000000004,10.30000000000004,10.30000000000004,10.30000000000004,10.30000000000004,10.30000000000004,10.30000000000004,10.30000000000004,10.30000000000004,10.30000000000004,10.30000000000004,10.30000000000004,10.30000000000004,10.30000000000004,10.30000000000004,10.30000000000004,10.30000000000004,10.30000000000004,10.30000000000004,10.30000000000004,10.30000000000004,10.30000000000004,10.30000000000004
He,0.0,0.0,0.0,0.0,0.0,0.0,0.0,0.0,0.0,0.0,0.0,0.0,0.0,0.0,0.0,0.0,0.0,0.0,0.0,0.0,0.0,0.0,0.0,0.0,0.0,0.0,0.0,0.0,0.0,0.0,0.0,0.0,0.0,0.0,0.0,0.0,0.0,0.0,0.0,0.0,0.0,0.0,0.0,0.0,0.0,0.0,0.0,0.0,0.0,0.0,0.0,0.0,0.0,0.0,0.0,0.0,0.0,0.0,0.0,0.0,0.0,0.0,0.0,0.0,0.0,0.0,0.0,0.0,0.0,0.0,0.0,0.0,0.0,0.0,0.0,0.0,0.0,0.0,0.0,0.0,0.0,0.0,0.0,0.0,0.0,0.0,0.0,0.0,0.0,0.0,0.0,0.0,0.0,0.0,0.0,0.0,0.0,0.0,0.0,0.0,0.0,0.109559848,0.11681602,0.12165346800000001,0.12890964000000002,0.13616581199999997,0.143421984,0.150678156,0.157934328,0.16519050000000002,0.17364943200000002,0.18210836400000002,0.19338694000000003,0.20184587199999998,0.213124448,0.22158338,0.23286195599999998,0.24453007599999999,0.25632804400000003,0.268126012,0.27992397999999996,0.29172194799999995,0.303519916,0.31787814000000003,0.3291571266666667,0.34325586,0.35660303,0.36637888999999996,0.378598715,0.3932625049999999,0.4095372666666666,0.43189443333333327,0.4587230333333333,0.48318322799999996,0.502579888,0.5258558799999999,0.5491318719999999,0.5715608879999999,0.585384264,0.601511536,0.6176388079999999,0.6337660799999999,0.649893352,0.666020624,0.682025734,0.6896618029999999,0.698388739,0.707115675,0.716933478,0.725660414,0.7378821042,0.7693348919999999,0.8007876798,0.8322404675999999,0.8671880096,0.9021355516,0.94190555088,0.98288116448,1.02795433944,1.0730275144,1.1192031008399999,1.18160277492,1.244002449,1.30640212308,1.3688017971600002,1.40712179088,1.4430018135,1.47888183612,1.5214018406799998,1.5872017264400002,1.6577016040399999,1.72820148164,1.7830369548014287,1.8321762808942856,1.88459156206,1.9402827982985715,1.9959740345371428,2.051665270775714,2.110632462087143,2.169599653398571,2.22856684471,2.2908099910942856,2.3563290925514284,2.421848194008571,2.490643250538571,2.559438307068571,2.628233363598571,2.700304375201428,2.775651341877143,2.8542742636257143,2.929621230301428,3.0115201071228563,3.090143028871428,3.1884216810571426,3.2539407825142854,3.3522194347,3.4504980868857134,3.548776739071428,3.6470553912571426,3.7453340434428566,3.843612695628571,3.941891347814285,4.04017,4.176668350000001,4.3586661499999995,4.4951645,4.6771623,4.8591601,4.987161166666667,5.135169833333332,5.2831785,5.431187166666667,5.579195833333333,5.764206666666666,5.912215333333334,6.10872155,6.30271175,6.5451995,6.787687249999999,7.030175,7.176176,7.322177000000001,7.468178000000001,7.643379200000001,7.818580400000001,7.9645814,8.139782600000002,8.3149838,8.47898498,8.411784860000001,8.333384720000002,8.2661846,8.187784460000001,8.10938432,8.030984179999999,7.94138402,7.943483720000001,7.95678344,7.971983120000001,7.9890827600000005,8.00428244,8.02138208,8.03848172,8.05558136,8.072681,8.0916806,8.10878024,8.12018,8.12018,8.12018,8.12018,8.12018,8.12018,8.12018,8.12018,8.12018,8.12018,8.12018,8.12018,8.12018,8.12018,8.12018,8.12018,8.12018,8.12018,8.12018,8.12018,8.12018,8.12018,8.12018,8.12018,8.12018,8.12018,8.12018,8.12018,8.12018,8.12018,8.12018,8.12018,8.12018,8.12018,8.12018,8.12018,8.12018,8.12018,8.12018,8.12018,8.12018,8.12018,8.12018,8.12018,8.12018,8.12018,8.12018,8.12018,8.12018,8.12018,8.12018,8.12018,8.12018
Li,0.0,0.0,0.0,0.0,0.0,0.0,0.0,0.0,0.0,0.0,0.0,0.0,0.0,0.0,0.0,0.0,0.0,0.0,0.0,0.0,0.0,0.0,0.0,0.0,0.0,0.0,0.0,0.0,0.0,0.0,0.0,0.0,0.0,0.0,0.0,0.0,0.0,0.0,0.0,0.0,0.0,0.0,0.0,0.0,0.0,0.0,0.0,0.0,0.0,0.0,0.0,0.0,0.0,0.0,0.0,0.0,0.0,0.0,0.0,0.0,0.0,0.0,0.0,0.0,0.0,0.0,0.0,0.0,0.0,0.0,0.0,0.0,0.0,0.0,0.0,0.0,0.0,0.0,0.0,0.0,0.0,0.0,0.0,0.0,0.0,0.0,0.0,0.0,0.0,0.0,0.0,0.0,0.0,0.0,0.0,0.0,0.0,0.0,0.0,0.0,0.0,5.04528e-10,5.2122e-10,5.32348e-10,5.4904e-10,5.65732e-10,5.82424e-10,5.99116e-10,6.15808e-10,6.325e-10,6.349239999999999e-10,6.373480000000001e-10,6.4058e-10,6.43004e-10,6.46236e-10,6.4866e-10,6.51892e-10,6.653120000000001e-10,6.821280000000001e-10,6.989440000000001e-10,7.1576e-10,7.325759999999999e-10,7.493920000000001e-10,7.539e-10,7.487e-10,7.422e-10,7.509900000000001e-10,7.7637e-10,8.080949999999999e-10,8.461649999999998e-10,8.665333333333333e-10,8.698666666666666e-10,8.738666666666667e-10,8.333920000000001e-10,7.811320000000002e-10,7.184200000000001e-10,6.557080000000001e-10,5.785360000000002e-10,5.078080000000002e-10,4.2529199999999985e-10,3.4277600000000005e-10,2.6026000000000025e-10,1.7774399999999988e-10,9.522800000000006e-11,8.891200000000008e-10,3.915289999999994e-09,7.373769999999997e-09,1.0832250000000001e-08,1.4723039999999993e-08,1.8181519999999996e-08,2.1468000000000004e-08,1.992e-08,1.8372e-08,1.6824000000000002e-08,1.5104e-08,1.3384e-08,1.1097215999999998e-08,8.668736000000007e-09,5.997407999999999e-09,3.326079999999991e-09,8.802068000000003e-10,6.714884000000001e-10,4.6277e-10,2.540515999999998e-10,4.533319999999963e-11,3.937600000000001e-11,5.1764999999999995e-11,6.415399999999999e-11,7.354800000000003e-11,5.925399999999998e-11,4.393900000000004e-11,2.8624000000000002e-11,2.4154420928571427e-11,2.3628631285714285e-11,2.3067788999999998e-11,2.2471894071428573e-11,2.1875999142857146e-11,2.128010421428571e-11,2.064915664285714e-11,2.0018209071428567e-11,1.9387261500000003e-11,1.8721261285714286e-11,1.8020208428571426e-11,1.731915557142857e-11,1.6583050071428573e-11,1.584694457142857e-11,1.5110839071428574e-11,1.4339680928571426e-11,1.353347014285714e-11,1.2692206714285712e-11,1.188599592857143e-11,1.1009679857142858e-11,1.016841642857143e-11,9.116837142857142e-12,8.415784285714287e-12,7.364204999999999e-12,6.312625714285717e-12,5.261046428571428e-12,4.2094671428571405e-12,3.1578878571428584e-12,2.1063085714285703e-12,1.0547292857142882e-12,3.15e-15,1.3477500000000024e-14,2.7247499999999974e-14,3.7575e-14,5.134500000000001e-14,6.511500000000002e-14,8.639999999999994e-14,1.44e-13,2.0160000000000002e-13,2.592000000000001e-13,3.1679999999999987e-13,3.8879999999999987e-13,4.464000000000002e-13,5.0035e-13,4.8575e-13,4.675e-13,4.4925e-13,4.31e-13,3.981e-13,3.652e-13,3.323e-13,2.928199999999999e-13,2.5334000000000006e-13,2.2044000000000004e-13,1.8095999999999997e-13,1.414800000000001e-13,1.159800000000002e-13,1.9985999999999992e-13,2.977199999999998e-13,3.816e-13,4.7946e-13,5.773199999999998e-13,6.751800000000003e-13,7.870199999999998e-13,1.06833e-12,1.3356599999999996e-12,1.6411800000000013e-12,1.984890000000001e-12,2.2904099999999997e-12,2.6341199999999993e-12,2.9778300000000013e-12,3.3215400000000004e-12,3.66525e-12,4.04715e-12,4.39086e-12,4.62e-12,4.62e-12,4.62e-12,4.62e-12,4.62e-12,4.62e-12,4.62e-12,4.62e-12,4.62e-12,4.62e-12,4.62e-12,4.62e-12,4.62e-12,4.62e-12,4.62e-12,4.62e-12,4.62e-12,4.62e-12,4.62e-12,4.62e-12,4.62e-12,4.62e-12,4.62e-12,4.62e-12,4.62e-12,4.62e-12,4.62e-12,4.62e-12,4.62e-12,4.62e-12,4.62e-12,4.62e-12,4.62e-12,4.62e-12,4.62e-12,4.62e-12,4.62e-12,4.62e-12,4.62e-12,4.62e-12,4.62e-12,4.62e-12,4.62e-12,4.62e-12,4.62e-12,4.62e-12,4.62e-12,4.62e-12,4.62e-12,4.62e-12,4.62e-12,4.62e-12,4.62e-12
B,0.0,0.0,0.0,0.0,0.0,0.0,0.0,0.0,0.0,0.0,0.0,0.0,0.0,0.0,0.0,0.0,0.0,0.0,0.0,0.0,0.0,0.0,0.0,0.0,0.0,0.0,0.0,0.0,0.0,0.0,0.0,0.0,0.0,0.0,0.0,0.0,0.0,0.0,0.0,0.0,0.0,0.0,0.0,0.0,0.0,0.0,0.0,0.0,0.0,0.0,0.0,0.0,0.0,0.0,0.0,0.0,0.0,0.0,0.0,0.0,0.0,0.0,0.0,0.0,0.0,0.0,0.0,0.0,0.0,0.0,0.0,0.0,0.0,0.0,0.0,0.0,0.0,0.0,0.0,0.0,0.0,0.0,0.0,0.0,0.0,0.0,0.0,0.0,0.0,0.0,0.0,0.0,0.0,0.0,0.0,0.0,0.0,0.0,0.0,0.0,0.0,0.0,0.0,0.0,0.0,0.0,0.0,0.0,0.0,0.0,0.0,0.0,0.0,0.0,0.0,0.0,0.0,0.0,0.0,0.0,0.0,0.0,0.0,0.0,0.0,0.0,0.0,0.0,0.0,0.0,0.0,0.0,0.0,0.0,0.0,0.0,0.0,0.0,0.0,0.0,0.0,0.0,0.0,0.0,0.0,0.0,0.0,0.0,0.0,0.0,0.0,0.0,0.0,0.0,0.0,0.0,0.0,0.0,0.0,0.0,0.0,0.0,0.0,0.0,0.0,0.0,0.0,0.0,0.0,0.0,0.0,0.0,1.8071428571428625e-12,4.271428571428568e-12,6.8999999999999985e-12,9.69285714285714e-12,1.2485714285714282e-11,1.5278571428571423e-11,1.823571428571429e-11,2.1192857142857143e-11,2.4149999999999995e-11,2.7271428571428575e-11,3.055714285714286e-11,3.3842857142857146e-11,3.729285714285714e-11,4.074285714285715e-11,4.419285714285713e-11,4.780714285714286e-11,5.158571428571429e-11,5.5528571428571436e-11,5.930714285714284e-11,6.34142857142857e-11,6.735714285714284e-11,7.228571428571428e-11,7.557142857142856e-11,8.05e-11,8.54285714285714e-11,9.035714285714286e-11,9.528571428571429e-11,1.002142857142857e-10,1.0514285714285714e-10,1.1007142857142855e-10,1.15e-10,1.15e-10,1.15e-10,1.15e-10,1.15e-10,1.15e-10,1.3439999999999994e-10,2.12e-10,2.8960000000000006e-10,3.6720000000000014e-10,4.4479999999999985e-10,5.417999999999998e-10,6.194000000000003e-10,8.016500000000015e-10,1.22025e-09,1.7435e-09,2.2667500000000003e-09,2.79e-09,2.5249000000000002e-09,2.2598e-09,1.9947e-09,1.6765799999999992e-09,1.3584600000000005e-09,1.0933600000000005e-09,7.752399999999998e-10,4.571200000000008e-10,1.3896e-10,1.3872000000000001e-10,1.3844000000000002e-10,1.3820000000000002e-10,1.3792e-10,1.3764e-10,1.3736e-10,1.3704e-10,1.2939100000000001e-10,1.21782e-10,1.1308599999999997e-10,1.0330299999999998e-10,9.460700000000002e-11,8.482400000000003e-11,7.504099999999996e-11,6.525799999999999e-11,5.5474999999999995e-11,4.4605000000000004e-11,3.482200000000002e-11,2.83e-11,2.83e-11,2.83e-11,2.83e-11,2.83e-11,2.83e-11,2.83e-11,2.83e-11,2.83e-11,2.83e-11,2.83e-11,2.83e-11,2.83e-11,2.83e-11,2.83e-11,2.83e-11,2.83e-11,2.83e-11,2.83e-11,2.83e-11,2.83e-11,2.83e-11,2.83e-11,2.83e-11,2.83e-11,2.83e-11,2.83e-11,2.83e-11,2.83e-11,2.83e-11,2.83e-11,2.83e-11,2.83e-11,2.83e-11,2.83e-11,2.83e-11,2.83e-11,2.83e-11,2.83e-11,2.83e-11,2.83e-11,2.83e-11,2.83e-11,2.83e-11,2.83e-11,2.83e-11,2.83e-11,2.83e-11,2.83e-11,2.83e-11,2.83e-11,2.83e-11,2.83e-11
C,0.0,0.0,0.0,0.0,0.0,0.0,0.0,0.0,0.0,0.0,0.0,0.0,0.0,0.0,0.0,0.0,0.0,0.0,0.0,0.0,0.0,0.0,0.0,0.0,0.0,0.0,0.0,0.0,0.0,0.0,0.0,0.0,0.0,0.0,0.0,0.0,0.0,0.0,0.0,0.0,0.0,0.0,0.0,0.0,0.0,0.0,0.0,0.0,0.0,0.0,0.0,0.0,0.0,0.0,0.0,0.0,0.0,0.0,0.0,0.0,0.0,0.0,0.0,0.0,0.0,0.0,0.0,0.0,0.0,0.0,0.0,0.0,0.0,0.0,0.0,0.0,0.0,0.0,0.0,0.0,0.0,0.0,0.0,0.0,0.0,0.0,0.0,0.0,0.0,0.0,0.0,0.0,0.0,0.0,0.0,0.0,0.0,0.0,0.0,0.0,0.0,0.0002203906,0.000249874,0.00026952960000000006,0.00029901300000000005,0.00032849639999999987,0.0003579797999999999,0.00038746319999999996,0.00041694659999999995,0.00044643,0.0006576276000000002,0.0008688252000000004,0.0011504220000000008,0.0013616195999999994,0.0016432163999999996,0.001854414,0.0021360108,0.0026635476000000007,0.003273064400000001,0.0038825812000000013,0.004492097999999998,0.0051016147999999985,0.005711131599999999,0.006679028,0.0075632120000000014,0.008668442000000002,0.009637838999999999,0.010250357,0.011016004499999997,0.011934781499999996,0.013922211333333337,0.017742314666666658,0.022326438666666667,0.0256357824,0.027862410399999992,0.030534363999999994,0.03320631759999999,0.03523294979999999,0.035723609399999995,0.0362960456,0.0368684818,0.037440918,0.0380133542,0.0385857904,0.038504608,0.036503161000000006,0.034215793,0.031928424999999996,0.029355136000000004,0.027067768000000002,0.024503112000000004,0.02200752,0.019511928,0.017016336000000007,0.014243456000000003,0.011470576000000001,0.01014392,0.009178820000000002,0.00811721,0.007055599999999996,0.006086197999999999,0.006034573999999999,0.00598295,0.005931326,0.0058797020000000005,0.005921216,0.00597085,0.006020484,0.006024304000000001,0.0057303319999999994,0.005415362000000001,0.005100392,0.006320239428571432,0.008098202285714283,0.009994695999999997,0.012009720571428567,0.01402474514285714,0.01603976971428571,0.018173325142857143,0.02030688057142857,0.022440435999999998,0.024692522285714287,0.02706313942857143,0.029433756571428573,0.031922904571428566,0.03441205257142857,0.03690120057142856,0.039508879428571425,0.042235089142857146,0.045079829714285716,0.047806039428571416,0.05076931085714284,0.05361405142857142,0.05716997714285714,0.059540594285714274,0.06309652,0.06665244571428569,0.07020837142857142,0.07376429714285715,0.07732022285714285,0.08087614857142857,0.08443207428571427,0.087988,0.08803615,0.08810035,0.08814849999999999,0.08821269999999999,0.08827689999999999,0.09087536666666667,0.10114083333333333,0.1114063,0.12167176666666668,0.13193723333333332,0.14476906666666664,0.15503453333333336,0.16120954999999995,0.14484775,0.12439549999999999,0.10394325,0.083491,0.0879802,0.09246940000000001,0.0969586,0.10234564000000002,0.10773268,0.11222188,0.11760892000000002,0.12299595999999999,0.12854212,0.12949684,0.13061068,0.13156540000000003,0.13267924000000003,0.13379308,0.13490692,0.13617988000000003,0.15293103000000002,0.16952306,0.1884853800000001,0.20981799000000004,0.22878031,0.25011291999999996,0.27144553000000005,0.29277814,0.31411075,0.33781365,0.35914626,0.373368,0.373368,0.373368,0.373368,0.373368,0.373368,0.373368,0.373368,0.373368,0.373368,0.373368,0.373368,0.373368,0.373368,0.373368,0.373368,0.373368,0.373368,0.373368,0.373368,0.373368,0.373368,0.373368,0.373368,0.373368,0.373368,0.373368,0.373368,0.373368,0.373368,0.373368,0.373368,0.373368,0.373368,0.373368,0.373368,0.373368,0.373368,0.373368,0.373368,0.373368,0.373368,0.373368,0.373368,0.373368,0.373368,0.373368,0.373368,0.373368,0.373368,0.373368,0.373368,0.373368
N,0.0,0.0,0.0,0.0,0.0,0.0,0.0,0.0,0.0,0.0,0.0,0.0,0.0,0.0,0.0,0.0,0.0,0.0,0.0,0.0,0.0,0.0,0.0,0.0,0.0,0.0,0.0,0.0,0.0,0.0,0.0,0.0,0.0,0.0,0.0,0.0,0.0,0.0,0.0,0.0,0.0,0.0,0.0,0.0,0.0,0.0,0.0,0.0,0.0,0.0,0.0,0.0,0.0,0.0,0.0,0.0,0.0,0.0,0.0,0.0,0.0,0.0,0.0,0.0,0.0,0.0,0.0,0.0,0.0,0.0,0.0,0.0,0.0,0.0,0.0,0.0,0.0,0.0,0.0,0.0,0.0,0.0,0.0,0.0,0.0,0.0,0.0,0.0,0.0,0.0,0.0,0.0,0.0,0.0,0.0,0.0,0.0,0.0,0.0,0.0,0.0,0.00014558512800000003,0.00015976632,0.00016922044800000004,0.00018340164000000005,0.00019758283199999995,0.00021176402399999996,0.00022594521599999997,0.00024012640799999998,0.0002543076,0.000271452624,0.000288597648,0.00031145768000000006,0.00032860270399999995,0.00035146273599999996,0.00036860775999999996,0.000391467792,0.000416044544,0.00044119353600000007,0.0004663425280000001,0.0004914915199999999,0.000516640512,0.000541789504,0.00057085144,0.0005928346933333334,0.0006203137600000002,0.0006417228200000001,0.00065156606,0.00066387011,0.0006786349699999999,0.0007014592533333332,0.0007400638866666665,0.0007863894466666666,0.000831710564,0.0008690596439999999,0.00091387854,0.0009586974360000001,0.0010023271580000001,0.0010298280740000001,0.0010619124760000002,0.001093996878,0.00112608128,0.0011581656820000002,0.001190250084,0.0012349629816,0.0012952049171999999,0.0013640528436,0.00143290077,0.0015103546871999998,0.0015792026135999998,0.0020882979871999904,0.0060505250120000045,0.010012752036799999,0.013974979061599993,0.018377453533599996,0.0227799280056,0.027201290276000004,0.03162737449599999,0.036496067138,0.04136475978000002,0.04618785441999999,0.05095197946,0.0557161045,0.060480229540000006,0.06524435458000001,0.06156130908,0.057141248500000005,0.05272118792000001,0.04885674892,0.05036606736000001,0.05198319426,0.05360032116,0.05332528090714285,0.05236217987142858,0.051334872100000005,0.05024335759285715,0.04915184308571429,0.048060328578571426,0.04690460733571428,0.04574888609285714,0.044593164850000006,0.04337323687142857,0.04208910215714286,0.04080496744285714,0.039456625992857146,0.03810828454285713,0.03675994309285715,0.03534739490714285,0.033870639985714275,0.03232967832857142,0.03085292340714286,0.029247755014285715,0.027706793357142857,0.02578059128571428,0.024496456571428574,0.022570254499999998,0.02064405242857143,0.018717850357142855,0.01679164828571428,0.014865446214285715,0.012939244142857138,0.011013042071428574,0.009086839999999999,0.009660119,0.010424490999999998,0.01099777,0.011762142,0.012526514,0.016685076666666653,0.03179058333333333,0.046896090000000015,0.0620015966666667,0.07710710333333332,0.09598898666666664,0.11109449333333339,0.12081136999999993,0.09925685000000001,0.07231370000000001,0.04537055,0.0184274,0.019744110000000002,0.02106082,0.022377530000000003,0.023957582000000005,0.025537634,0.026854344,0.028434396000000004,0.030014447999999996,0.031364721799999995,0.0299860526,0.028377605200000003,0.026998936,0.025390488600000004,0.023782041200000003,0.022173593799999995,0.020335368200000002,0.0204631437,0.0208206974,0.021229330200000004,0.021689042100000003,0.022097674900000003,0.022557386800000002,0.023017098700000002,0.023476810600000002,0.0239365225,0.0244473135,0.0249070254,0.0252135,0.0252135,0.0252135,0.0252135,0.0252135,0.0252135,0.0252135,0.0252135,0.0252135,0.0252135,0.0252135,0.0252135,0.0252135,0.0252135,0.0252135,0.0252135,0.0252135,0.0252135,0.0252135,0.0252135,0.0252135,0.0252135,0.0252135,0.0252135,0.0252135,0.0252135,0.0252135,0.0252135,0.0252135,0.0252135,0.0252135,0.0252135,0.0252135,0.0252135,0.0252135,0.0252135,0.0252135,0.0252135,0.0252135,0.0252135,0.0252135,0.0252135,0.0252135,0.0252135,0.0252135,0.0252135,0.0252135,0.0252135,0.0252135,0.0252135,0.0252135,0.0252135,0.0252135
O,0.0,0.0,0.0,0.0,0.0,0.0,0.0,0.0,0.0,0.0,0.0,0.0,0.0,0.0,0.0,0.0,0.0,0.0,0.0,0.0,0.0,0.0,0.0,0.0,0.0,0.0,0.0,0.0,0.0,0.0,0.0,0.0,0.0,0.0,0.0,0.0,0.0,0.0,0.0,0.0,0.0,0.0,0.0,0.0,0.0,0.0,0.0,0.0,0.0,0.0,0.0,0.0,0.0,0.0,0.0,0.0,0.0,0.0,0.0,0.0,0.0,0.0,0.0,0.0,0.0,0.0,0.0,0.0,0.0,0.0,0.0,0.0,0.0,0.0,0.0,0.0,0.0,0.0,0.0,0.0,0.0,0.0,0.0,0.0,0.0,0.0,0.0,0.0,0.0,0.0,0.0,0.0,0.0,0.0,0.0,0.0,0.0,0.0,0.0,0.0,0.0,0.0007796658,0.0008304870000000001,0.0008643678000000001,0.0009151890000000001,0.0009660101999999997,0.0010168313999999999,0.0010676525999999999,0.0011184737999999999,0.0011692949999999999,0.00123386364,0.0012984322800000002,0.0013845238000000002,0.0014490924399999997,0.00153518396,0.0015997525999999998,0.0016858441199999999,0.0017744738799999999,0.00186394972,0.0019534255600000003,0.0020429014,0.00213237724,0.00222185308,0.0023261986000000004,0.0024056754000000005,0.0025050214,0.0026033664,0.0026808412,0.0027776846999999997,0.0028938968999999994,0.0029920984666666666,0.003092337133333333,0.0032126235333333336,0.0033109382000000003,0.0033837121999999997,0.003471041,0.0035583698,0.0036620803999999996,0.0037530631999999993,0.0038592098000000004,0.0039653564,0.004071503,0.0041776496,0.0042837961999999995,0.004410455999999999,0.0045353254999999995,0.0046780335,0.0048207415,0.0049812879999999995,0.005123996,0.00528293114,0.0054289754,0.00557501966,0.00572106392,0.0058833353199999995,0.00604560672,0.006083741879999999,0.0060908429799999995,0.0060986541899999995,0.0061064654,0.006093747862,0.005855924206,0.0056181005499999995,0.005380276894,0.005142453238,0.00523562288,0.005358026849999999,0.005480430819999999,0.005523573580000001,0.005034654939999999,0.004510813540000001,0.00398697214,0.009868841682714303,0.018080060659142846,0.026838694233999996,0.036144742407285706,0.04545079058057142,0.05475683875385713,0.06461030152557146,0.07446376429728571,0.084317227069,0.09471810443914287,0.1056663964077143,0.11661468837628573,0.12811039494328572,0.13960610151028574,0.15110180807728568,0.1631449292427143,0.17573546500657147,0.18887341536885718,0.20146395113271426,0.21514931609342852,0.22828726645571426,0.24470970440857145,0.2556579963771428,0.27208043433000006,0.2885028722828571,0.3049253102357143,0.3213477481885715,0.33777018614142856,0.35419262409428576,0.37061506204714284,0.38703750000000003,0.372940065,0.3541434850000001,0.34004605,0.32124947,0.30245289,0.3024231133333333,0.33989716666666664,0.37737122,0.4148452733333334,0.45231932666666663,0.4991618933333333,0.5366359466666668,0.5848430500000001,0.62777525,0.6814405,0.73510575,0.788771,0.9169830999999999,1.0451952,1.1734073,1.3272618200000004,1.4811163399999998,1.6093284399999996,1.7631829600000002,1.9170374799999996,2.105877436,2.3157900519999997,2.5606881039999996,2.77060072,3.015498772,3.2603968239999994,3.5052948760000002,3.7851783639999996,4.028808894,4.237453988,4.475905524000002,4.744163502000001,4.982615038,5.250873016,5.519130994000001,5.7873889720000005,6.05564695,6.353711370000001,6.621969348,6.800808,6.800808,6.800808,6.800808,6.800808,6.800808,6.800808,6.800808,6.800808,6.800808,6.800808,6.800808,6.800808,6.800808,6.800808,6.800808,6.800808,6.800808,6.800808,6.800808,6.800808,6.800808,6.800808,6.800808,6.800808,6.800808,6.800808,6.800808,6.800808,6.800808,6.800808,6.800808,6.800808,6.800808,6.800808,6.800808,6.800808,6.800808,6.800808,6.800808,6.800808,6.800808,6.800808,6.800808,6.800808,6.800808,6.800808,6.800808,6.800808,6.800808,6.800808,6.800808,6.800808
F,0.0,0.0,0.0,0.0,0.0,0.0,0.0,0.0,0.0,0.0,0.0,0.0,0.0,0.0,0.0,0.0,0.0,0.0,0.0,0.0,0.0,0.0,0.0,0.0,0.0,0.0,0.0,0.0,0.0,0.0,0.0,0.0,0.0,0.0,0.0,0.0,0.0,0.0,0.0,0.0,0.0,0.0,0.0,0.0,0.0,0.0,0.0,0.0,0.0,0.0,0.0,0.0,0.0,0.0,0.0,0.0,0.0,0.0,0.0,0.0,0.0,0.0,0.0,0.0,0.0,0.0,0.0,0.0,0.0,0.0,0.0,0.0,0.0,0.0,0.0,0.0,0.0,0.0,0.0,0.0,0.0,0.0,0.0,0.0,0.0,0.0,0.0,0.0,0.0,0.0,0.0,0.0,0.0,0.0,0.0,0.0,0.0,0.0,0.0,0.0,0.0,3.29712e-08,3.5448e-08,3.7099200000000004e-08,3.9576e-08,4.205279999999999e-08,4.452959999999999e-08,4.700639999999999e-08,4.948319999999999e-08,5.196e-08,5.98968e-08,6.783360000000002e-08,7.841600000000002e-08,8.635279999999997e-08,9.693519999999999e-08,1.0487199999999999e-07,1.154544e-07,1.4368400000000003e-07,1.7779600000000007e-07,2.1190800000000007e-07,2.460199999999999e-07,2.8013199999999996e-07,3.14244e-07,4.045800000000001e-07,5.022866666666669e-07,6.244200000000005e-07,7.4293e-07,8.3339e-07,9.464649999999995e-07,1.0821549999999994e-06,1.5476000000000006e-06,2.541599999999998e-06,3.7343999999999998e-06,4.8800000000000016e-06,5.814999999999998e-06,6.936999999999999e-06,8.059e-06,8.96858e-06,9.291739999999999e-06,9.668760000000002e-06,1.004578e-05,1.04228e-05,1.0799820000000001e-05,1.117684e-05,1.117452e-05,1.0035340000000001e-05,8.733420000000002e-06,7.4315e-06,5.966840000000002e-06,4.664920000000001e-06,3.34698e-06,3.2027999999999996e-06,3.05862e-06,2.9144400000000003e-06,2.75424e-06,2.5940400000000003e-06,2.298832e-06,1.969872000000001e-06,1.6080160000000001e-06,1.246159999999999e-06,9.115760000000001e-07,8.440880000000001e-07,7.766e-07,7.091119999999999e-07,6.41624e-07,6.06096e-07,5.737e-07,5.41304e-07,5.000120000000002e-07,4.202959999999999e-07,3.348860000000002e-07,2.4947600000000003e-07,2.5425185714285724e-07,2.918225714285714e-07,3.3189799999999995e-07,3.744781428571428e-07,4.1705828571428566e-07,4.596384285714285e-07,5.047232857142858e-07,5.498081428571428e-07,5.948929999999999e-07,6.424825714285714e-07,6.925768571428572e-07,7.42671142857143e-07,7.952701428571429e-07,8.47869142857143e-07,9.004681428571427e-07,9.55571857142857e-07,1.0131802857142858e-06,1.0732934285714288e-06,1.1309018571428569e-06,1.193519714285714e-06,1.253632857142857e-06,1.3287742857142858e-06,1.3788685714285712e-06,1.4540100000000002e-06,1.5291514285714282e-06,1.6042928571428573e-06,1.6794342857142859e-06,1.7545757142857143e-06,1.8297171428571429e-06,1.9048585714285713e-06,1.98e-06,2.0025000000000003e-06,2.0325e-06,2.055e-06,2.085e-06,2.115e-06,2.462333333333332e-06,3.7916666666666662e-06,5.121000000000001e-06,6.450333333333335e-06,7.779666666666664e-06,9.44133333333333e-06,1.077066666666667e-05,1.1738499999999994e-05,1.02925e-05,8.485e-06,6.6775e-06,4.87e-06,1.2863e-05,2.0856e-05,2.8849000000000004e-05,3.8440600000000026e-05,4.80322e-05,5.6025199999999993e-05,6.561680000000002e-05,7.520839999999999e-05,8.321539999999998e-05,7.370780000000002e-05,6.261560000000004e-05,5.310800000000001e-05,4.201580000000002e-05,3.0923600000000024e-05,1.9831399999999978e-05,7.154600000000023e-06,5.7751e-06,5.9802e-06,6.2146000000000015e-06,6.478300000000001e-06,6.7127e-06,6.9764e-06,7.240100000000001e-06,7.5038e-06,7.7675e-06,8.0605e-06,8.3242e-06,8.5e-06,8.5e-06,8.5e-06,8.5e-06,8.5e-06,8.5e-06,8.5e-06,8.5e-06,8.5e-06,8.5e-06,8.5e-06,8.5e-06,8.5e-06,8.5e-06,8.5e-06,8.5e-06,8.5e-06,8.5e-06,8.5e-06,8.5e-06,8.5e-06,8.5e-06,8.5e-06,8.5e-06,8.5e-06,8.5e-06,8.5e-06,8.5e-06,8.5e-06,8.5e-06,8.5e-06,8.5e-06,8.5e-06,8.5e-06,8.5e-06,8.5e-06,8.5e-06,8.5e-06,8.5e-06,8.5e-06,8.5e-06,8.5e-06,8.5e-06,8.5e-06,8.5e-06,8.5e-06,8.5e-06,8.5e-06,8.5e-06,8.5e-06,8.5e-06,8.5e-06,8.5e-06
Ne,0.0,0.0,0.0,0.0,0.0,0.0,0.0,0.0,0.0,0.0,0.0,0.0,0.0,0.0,0.0,0.0,0.0,0.0,0.0,0.0,0.0,0.0,0.0,0.0,0.0,0.0,0.0,0.0,0.0,0.0,0.0,0.0,0.0,0.0,0.0,0.0,0.0,0.0,0.0,0.0,0.0,0.0,0.0,0.0,0.0,0.0,0.0,0.0,0.0,0.0,0.0,0.0,0.0,0.0,0.0,0.0,0.0,0.0,0.0,0.0,0.0,0.0,0.0,0.0,0.0,0.0,0.0,0.0,0.0,0.0,0.0,0.0,0.0,0.0,0.0,0.0,0.0,0.0,0.0,0.0,0.0,0.0,0.0,0.0,0.0,0.0,0.0,0.0,0.0,0.0,0.0,0.0,0.0,0.0,0.0,0.0,0.0,0.0,0.0,0.0,0.0,0.00014292621200000003,0.00015238118000000003,0.000158684492,0.00016813946000000004,0.00017759442799999996,0.00018704939599999997,0.00019650436399999997,0.00020595933199999997,0.00021541429999999997,0.000230338292,0.000245262284,0.00026516094,0.00028008493199999996,0.00029998358799999996,0.00031490757999999997,0.000334806236,0.00036322693200000004,0.0003944883080000001,0.0004257496840000001,0.00045701106,0.000488272436,0.000519533812,0.0005790532000000001,0.0006375714666666668,0.0007107193000000002,0.0007813661999999999,0.0008348825999999999,0.0009017780999999998,0.0009820526999999998,0.0011980553333333338,0.0016377186666666657,0.0021653146666666665,0.0026396531200000004,0.003012744519999999,0.003460454199999999,0.00390816388,0.00421409866,0.00422902198,0.00424643252,0.00426384306,0.0042812536,0.00429866414,0.00431607468,0.00423625488,0.003904653960000001,0.0035256814800000004,0.003146709,0.002720364960000001,0.0023413924800000005,0.00196519472,0.0019901672000000002,0.0020151396800000003,0.00204011216,0.00206785936,0.00209560656,0.0022521291359999997,0.002440845555999999,0.0026484336179999996,0.00285602168,0.003059501143999999,0.003236657672,0.0034138142,0.0035909707280000003,0.0037681272560000007,0.003544509004,0.0032862626,0.003028016196,0.002785109308,0.0027534301639999996,0.002719488224,0.0026855462839999998,0.004728128748428577,0.007525810996285709,0.010510005393999997,0.013680711941571423,0.01685141848914285,0.02002212503671428,0.02337934373414286,0.026736562431571426,0.030093781128999995,0.033637511976285714,0.03736775497342857,0.04109799797057143,0.045014753117571416,0.048931508264571426,0.05284826341157141,0.056951530708428566,0.06124131015514286,0.06571760175171429,0.07000738119842854,0.07467018494485712,0.07914647654142856,0.08474184103714286,0.08847208403428569,0.09406744853,0.09966281302571425,0.10525817752142856,0.11085354201714286,0.11644890651285712,0.12204427100857142,0.12763963550428567,0.133235,0.13213429999999998,0.1306667,0.12956600000000001,0.1280984,0.12663080000000002,0.12853943333333334,0.13910916666666667,0.1496789,0.16024863333333336,0.17081836666666667,0.18403053333333333,0.19460026666666672,0.20209809999999997,0.1898105,0.17445100000000002,0.1590915,0.143732,0.1933485,0.24296500000000001,0.29258150000000005,0.3521213000000002,0.4116611,0.4612776,0.5208174000000002,0.5803571999999999,0.63700732,0.6196692400000001,0.5994414800000001,0.5821034,0.5618756400000001,0.5416478800000001,0.5214201199999999,0.49830268000000005,0.54135036,0.58728772,0.6397875600000003,0.6988498800000001,0.7513497199999999,0.8104120399999998,0.8694743600000001,0.92853668,0.9875989999999999,1.0532238,1.1122861199999998,1.1516609999999998,1.1516609999999998,1.1516609999999998,1.1516609999999998,1.1516609999999998,1.1516609999999998,1.1516609999999998,1.1516609999999998,1.1516609999999998,1.1516609999999998,1.1516609999999998,1.1516609999999998,1.1516609999999998,1.1516609999999998,1.1516609999999998,1.1516609999999998,1.1516609999999998,1.1516609999999998,1.1516609999999998,1.1516609999999998,1.1516609999999998,1.1516609999999998,1.1516609999999998,1.1516609999999998,1.1516609999999998,1.1516609999999998,1.1516609999999998,1.1516609999999998,1.1516609999999998,1.1516609999999998,1.1516609999999998,1.1516609999999998,1.1516609999999998,1.1516609999999998,1.1516609999999998,1.1516609999999998,1.1516609999999998,1.1516609999999998,1.1516609999999998,1.1516609999999998,1.1516609999999998,1.1516609999999998,1.1516609999999998,1.1516609999999998,1.1516609999999998,1.1516609999999998,1.1516609999999998,1.1516609999999998,1.1516609999999998,1.1516609999999998,1.1516609999999998,1.1516609999999998,1.1516609999999998
Na,0.0,0.0,0.0,0.0,0.0,0.0,0.0,0.0,0.0,0.0,0.0,0.0,0.0,0.0,0.0,0.0,0.0,0.0,0.0,0.0,0.0,0.0,0.0,0.0,0.0,0.0,0.0,0.0,0.0,0.0,0.0,0.0,0.0,0.0,0.0,0.0,0.0,0.0,0.0,0.0,0.0,0.0,0.0,0.0,0.0,0.0,0.0,0.0,0.0,0.0,0.0,0.0,0.0,0.0,0.0,0.0,0.0,0.0,0.0,0.0,0.0,0.0,0.0,0.0,0.0,0.0,0.0,0.0,0.0,0.0,0.0,0.0,0.0,0.0,0.0,0.0,0.0,0.0,0.0,0.0,0.0,0.0,0.0,0.0,0.0,0.0,0.0,0.0,0.0,0.0,0.0,0.0,0.0,0.0,0.0,0.0,0.0,0.0,0.0,0.0,0.0,2.9218800000000002e-06,3.1212000000000003e-06,3.25408e-06,3.4534000000000003e-06,3.652719999999999e-06,3.852039999999999e-06,4.05136e-06,4.250679999999999e-06,4.45e-06,4.7857600000000006e-06,5.1215200000000006e-06,5.569200000000001e-06,5.904959999999998e-06,6.352639999999999e-06,6.688399999999999e-06,7.13608e-06,7.747439999999999e-06,8.41336e-06,9.079280000000002e-06,9.745199999999998e-06,1.0411119999999999e-05,1.1077039999999999e-05,1.2058e-05,1.2922000000000001e-05,1.4002000000000004e-05,1.4951e-05,1.5552999999999998e-05,1.6305499999999998e-05,1.7208499999999996e-05,2.0429333333333338e-05,2.7352666666666653e-05,3.566066666666666e-05,4.459960000000001e-05,5.231159999999998e-05,6.156599999999999e-05,7.08204e-05,7.590640000000002e-05,7.373920000000002e-05,7.12108e-05,6.86824e-05,6.6154e-05,6.36256e-05,6.10972e-05,5.7993999999999994e-05,5.471800000000001e-05,5.0974000000000004e-05,4.723e-05,4.301800000000001e-05,3.9274000000000004e-05,3.57512e-05,3.7742000000000006e-05,3.97328e-05,4.1723599999999995e-05,4.39356e-05,4.61476e-05,4.98172e-05,5.385119999999999e-05,5.82886e-05,6.272600000000002e-05,6.733559999999999e-05,7.42428e-05,8.115e-05,8.80572e-05,9.496440000000001e-05,9.029359999999999e-05,8.460999999999999e-05,7.89264e-05,7.251280000000001e-05,6.434239999999999e-05,5.558840000000002e-05,4.68344e-05,6.737214285714292e-05,9.856142857142852e-05,0.00013182999999999996,0.0001671778571428571,0.00020252571428571424,0.00023787357142857136,0.00027530071428571437,0.00031272785714285713,0.00035015499999999994,0.0003896614285714286,0.0004312471428571429,0.0004728328571428572,0.0005164978571428571,0.0005601628571428572,0.0006038278571428569,0.0006495721428571428,0.0006973957142857144,0.0007472985714285715,0.0007951221428571427,0.0008471042857142855,0.0008970071428571428,0.0009593857142857143,0.0010009714285714284,0.00106335,0.0011257285714285712,0.0011881071428571429,0.0012504857142857143,0.0013128642857142855,0.0013752428571428572,0.0014376214285714284,0.0015,0.0013978499999999997,0.0012616500000000002,0.0011595,0.0010232999999999998,0.0008870999999999997,0.0010126999999999994,0.0017874999999999998,0.0025623000000000004,0.0033371000000000013,0.004111899999999998,0.005080399999999998,0.005855200000000002,0.006400999999999997,0.005484999999999999,0.00434,0.003195,0.00205,0.0023130000000000004,0.002576,0.0028390000000000004,0.003154600000000001,0.0034702,0.0037332,0.004048800000000001,0.0043644,0.004717600000000001,0.0049432,0.0052064,0.005432000000000001,0.0056952,0.005958399999999999,0.006221600000000001,0.006522399999999999,0.0070248,0.007489599999999999,0.008020800000000003,0.008618400000000002,0.009149599999999999,0.0097472,0.010344800000000001,0.010942400000000001,0.01154,0.012204000000000001,0.0128016,0.0132,0.0132,0.0132,0.0132,0.0132,0.0132,0.0132,0.0132,0.0132,0.0132,0.0132,0.0132,0.0132,0.0132,0.0132,0.0132,0.0132,0.0132,0.0132,0.0132,0.0132,0.0132,0.0132,0.0132,0.0132,0.0132,0.0132,0.0132,0.0132,0.0132,0.0132,0.0132,0.0132,0.0132,0.0132,0.0132,0.0132,0.0132,0.0132,0.0132,0.0132,0.0132,0.0132,0.0132,0.0132,0.0132,0.0132,0.0132,0.0132,0.0132,0.0132,0.0132,0.0132
Mg,0.0,0.0,0.0,0.0,0.0,0.0,0.0,0.0,0.0,0.0,0.0,0.0,0.0,0.0,0.0,0.0,0.0,0.0,0.0,0.0,0.0,0.0,0.0,0.0,0.0,0.0,0.0,0.0,0.0,0.0,0.0,0.0,0.0,0.0,0.0,0.0,0.0,0.0,0.0,0.0,0.0,0.0,0.0,0.0,0.0,0.0,0.0,0.0,0.0,0.0,0.0,0.0,0.0,0.0,0.0,0.0,0.0,0.0,0.0,0.0,0.0,0.0,0.0,0.0,0.0,0.0,0.0,0.0,0.0,0.0,0.0,0.0,0.0,0.0,0.0,0.0,0.0,0.0,0.0,0.0,0.0,0.0,0.0,0.0,0.0,0.0,0.0,0.0,0.0,0.0,0.0,0.0,0.0,0.0,0.0,0.0,0.0,0.0,0.0,0.0,0.0,5.381764e-05,5.72716e-05,5.9574240000000006e-05,6.302820000000001e-05,6.648215999999999e-05,6.993611999999998e-05,7.339007999999999e-05,7.684403999999999e-05,8.0298e-05,8.448503999999999e-05,8.867208e-05,9.425480000000001e-05,9.844183999999998e-05,0.00010402455999999999,0.0001082116,0.00011379432,0.00011916920000000001,0.00012447480000000002,0.00012978040000000002,0.00013508599999999997,0.0001403916,0.0001456972,0.000152266,0.00015748733333333337,0.00016401400000000003,0.000170628,0.000176024,0.000182769,0.000190863,0.00020001133333333337,0.00021276466666666664,0.00022806866666666667,0.0002468452,0.00026393919999999994,0.000284452,0.0003049648,0.00033247959999999993,0.00036015879999999996,0.00039245120000000006,0.0004247436,0.0004570359999999999,0.0004893284000000001,0.0005216207999999999,0.000550676,0.000555492,0.0005609959999999999,0.0005665,0.000572692,0.000578196,0.000587972,0.00062642,0.000664868,0.0007033159999999999,0.0007460359999999999,0.000788756,0.000853476,0.0009236959999999999,0.001000938,0.0010781800000000002,0.0011622979999999995,0.0013290739999999998,0.00149585,0.0016626260000000002,0.0018294020000000004,0.0017166279999999998,0.0015794,0.001442172,0.0013223523999999999,0.0013703192000000001,0.0014217122,0.0014731052,0.002192902985714288,0.0031557570571428555,0.004182801399999999,0.0052740360142857125,0.006365270628571427,0.00745650524285714,0.00861193012857143,0.009767355014285713,0.010922779899999997,0.012142395057142857,0.013426200485714286,0.014710005914285715,0.01605800161428571,0.017405997314285715,0.018753993014285708,0.020166178985714284,0.02164255522857143,0.023183121742857145,0.024659497985714277,0.02626425477142856,0.02780482128571428,0.029730529428571427,0.03101433485714285,0.032940043,0.03486575114285713,0.036791459285714284,0.038717167428571425,0.040642875571428566,0.04256858371428571,0.04449429185714285,0.046419999999999996,0.051229000000000004,0.057640999999999984,0.06244999999999999,0.068862,0.07527400000000001,0.07866266666666666,0.07939333333333332,0.080124,0.08085466666666667,0.08158533333333333,0.08249866666666666,0.08322933333333334,0.083979,0.08405499999999999,0.08415,0.084245,0.08434,0.099611,0.11488200000000001,0.13015300000000002,0.14847820000000006,0.1668034,0.1820744,0.20039960000000004,0.21872479999999997,0.2363406,0.23208420000000005,0.22711840000000003,0.22286200000000003,0.21789620000000004,0.21293040000000002,0.2079646,0.20228940000000004,0.2169289,0.2322778,0.2498194000000001,0.26955370000000006,0.2870953,0.3068296,0.3265639000000001,0.34629820000000006,0.3660325,0.38795950000000007,0.4076938,0.42085,0.42085,0.42085,0.42085,0.42085,0.42085,0.42085,0.42085,0.42085,0.42085,0.42085,0.42085,0.42085,0.42085,0.42085,0.42085,0.42085,0.42085,0.42085,0.42085,0.42085,0.42085,0.42085,0.42085,0.42085,0.42085,0.42085,0.42085,0.42085,0.42085,0.42085,0.42085,0.42085,0.42085,0.42085,0.42085,0.42085,0.42085,0.42085,0.42085,0.42085,0.42085,0.42085,0.42085,0.42085,0.42085,0.42085,0.42085,0.42085,0.42085,0.42085,0.42085,0.42085
Al,0.0,0.0,0.0,0.0,0.0,0.0,0.0,0.0,0.0,0.0,0.0,0.0,0.0,0.0,0.0,0.0,0.0,0.0,0.0,0.0,0.0,0.0,0.0,0.0,0.0,0.0,0.0,0.0,0.0,0.0,0.0,0.0,0.0,0.0,0.0,0.0,0.0,0.0,0.0,0.0,0.0,0.0,0.0,0.0,0.0,0.0,0.0,0.0,0.0,0.0,0.0,0.0,0.0,0.0,0.0,0.0,0.0,0.0,0.0,0.0,0.0,0.0,0.0,0.0,0.0,0.0,0.0,0.0,0.0,0.0,0.0,0.0,0.0,0.0,0.0,0.0,0.0,0.0,0.0,0.0,0.0,0.0,0.0,0.0,0.0,0.0,0.0,0.0,0.0,0.0,0.0,0.0,0.0,0.0,0.0,0.0,0.0,0.0,0.0,0.0,0.0,4.73828e-06,5.0462e-06,5.25148e-06,5.5594000000000005e-06,5.8673199999999986e-06,6.175239999999999e-06,6.48316e-06,6.7910799999999995e-06,7.099e-06,7.48552e-06,7.87204e-06,8.3874e-06,8.773919999999999e-06,9.28928e-06,9.6758e-06,1.0191159999999999e-05,1.0699199999999999e-05,1.12048e-05,1.17104e-05,1.2215999999999998e-05,1.2721599999999999e-05,1.32272e-05,1.3855999999999999e-05,1.4357333333333334e-05,1.4984000000000001e-05,1.5609999999999998e-05,1.6109999999999997e-05,1.6734999999999998e-05,1.7484999999999996e-05,1.8170666666666665e-05,1.894733333333333e-05,1.9879333333333335e-05,2.0825200000000002e-05,2.1619199999999998e-05,2.2571999999999997e-05,2.35248e-05,2.4758199999999996e-05,2.5954599999999997e-05,2.73504e-05,2.87462e-05,3.0141999999999997e-05,3.15378e-05,3.29336e-05,3.4389200000000006e-05,3.5296399999999996e-05,3.63332e-05,3.737e-05,3.85364e-05,3.9573199999999996e-05,4.0732399999999996e-05,4.1834e-05,4.2935599999999996e-05,4.40372e-05,4.52612e-05,4.64852e-05,4.88036e-05,5.139559999999999e-05,5.42468e-05,5.709800000000001e-05,6.012279999999999e-05,6.53164e-05,7.051e-05,7.57036e-05,8.089720000000001e-05,7.875e-05,7.5955e-05,7.316e-05,7.157279999999999e-05,7.85224e-05,8.596839999999999e-05,9.34144e-05,0.00012862942857142868,0.00017394228571428565,0.00022227599999999998,0.00027363057142857137,0.0003249851428571428,0.0003763397142857142,0.00043071514285714297,0.00048509057142857143,0.000539466,0.0005968622857142858,0.0006572794285714287,0.0007176965714285715,0.0007811345714285714,0.0008445725714285715,0.0009080105714285712,0.0009744694285714286,0.001043949142857143,0.0011164497142857146,0.0011859294285714284,0.0012614508571428568,0.0013339514285714284,0.001424577142857143,0.0014849942857142855,0.0015756200000000002,0.001666245714285714,0.0017568714285714287,0.001847497142857143,0.0019381228571428571,0.0020287485714285715,0.0021193742857142854,0.00221,0.0023750000000000004,0.0025949999999999997,0.0027600000000000003,0.0029800000000000004,0.0032000000000000006,0.003409333333333333,0.0038066666666666665,0.004204,0.004601333333333334,0.004998666666666666,0.005495333333333332,0.005892666666666668,0.006157499999999997,0.0056275,0.004965,0.0043025,0.00364,0.004316,0.004992,0.005668,0.006479200000000002,0.0072904,0.007966399999999998,0.008777600000000002,0.009588799999999998,0.010428,0.010596000000000001,0.010792,0.010960000000000001,0.011156000000000001,0.011352,0.011548,0.011772,0.012577,0.013354,0.014242000000000005,0.015241000000000005,0.016129,0.017127999999999997,0.018127000000000004,0.019126,0.020125,0.021235000000000004,0.022234,0.0229,0.0229,0.0229,0.0229,0.0229,0.0229,0.0229,0.0229,0.0229,0.0229,0.0229,0.0229,0.0229,0.0229,0.0229,0.0229,0.0229,0.0229,0.0229,0.0229,0.0229,0.0229,0.0229,0.0229,0.0229,0.0229,0.0229,0.0229,0.0229,0.0229,0.0229,0.0229,0.0229,0.0229,0.0229,0.0229,0.0229,0.0229,0.0229,0.0229,0.0229,0.0229,0.0229,0.0229,0.0229,0.0229,0.0229,0.0229,0.0229,0.0229,0.0229,0.0229,0.0229
Si,0.0,0.0,0.0,0.0,0.0,0.0,0.0,0.0,0.0,0.0,0.0,0.0,0.0,0.0,0.0,0.0,0.0,0.0,0.0,0.0,0.0,0.0,0.0,0.0,0.0,0.0,0.0,0.0,0.0,0.0,0.0,0.0,0.0,0.0,0.0,0.0,0.0,0.0,0.0,0.0,0.0,0.0,0.0,0.0,0.0,0.0,0.0,0.0,0.0,0.0,0.0,0.0,0.0,0.0,0.0,0.0,0.0,0.0,0.0,0.0,0.0,0.0,0.0,0.0,0.0,0.0,0.0,0.0,0.0,0.0,0.0,0.0,0.0,0.0,0.0,0.0,0.0,0.0,0.0,0.0,0.0,0.0,0.0,0.0,0.0,0.0,0.0,0.0,0.0,0.0,0.0,0.0,0.0,0.0,0.0,0.0,0.0,0.0,0.0,0.0,0.0,5.7972760000000006e-05,6.169540000000001e-05,6.417716e-05,6.789980000000001e-05,7.162243999999999e-05,7.534508e-05,7.906772e-05,8.279036e-05,8.6513e-05,9.102272e-05,9.553244000000001e-05,0.00010154540000000002,0.00010605511999999998,0.00011206807999999999,0.0001165778,0.00012259076,0.00012832964000000001,0.00013397716,0.00013962468000000002,0.0001452722,0.00015091972,0.00015656724000000002,0.00016338360000000003,0.0001687070666666667,0.00017536140000000002,0.0001820698,0.0001875014,0.0001942909,0.00020243829999999998,0.0002091398666666667,0.00021570953333333333,0.00022359313333333332,0.00023187476,0.00023894196,0.0002474226,0.00025590324,0.00026552917999999996,0.00027347354,0.00028274196,0.00029201038,0.0003012788,0.00031054722000000004,0.00031981564000000003,0.00033034760000000003,0.0003394042,0.00034975459999999996,0.000360105,0.00037174919999999995,0.0003820996,0.00039391299999999997,0.00040708,0.000420247,0.00043341399999999997,0.000448044,0.000462674,0.0004787344,0.0004951524,0.0005132122,0.0005312720000000002,0.000549571,0.0005721430000000001,0.000594715,0.000617287,0.0006398590000000001,0.0006528256,0.000664835,0.0006768444,0.0006908175999999999,0.0007110308,0.0007326877999999999,0.0007543448,0.001727128114285717,0.003045775542857141,0.004452332799999999,0.005946799885714284,0.00744126697142857,0.008935734057142854,0.010518110971428574,0.012100487885714285,0.013682864799999998,0.015353151542857144,0.017111348114285715,0.018869544685714286,0.02071565108571428,0.022561757485714286,0.024407863885714278,0.026341880114285714,0.028363806171428575,0.030473642057142862,0.0324955681142857,0.034693313828571416,0.03680314971428571,0.03944044457142857,0.04119864114285714,0.043835936000000006,0.04647323085714285,0.04911052571428571,0.05174782057142857,0.05438511542857142,0.05702241028571428,0.05965970514285713,0.062297,0.06876395000000002,0.07738654999999998,0.0838535,0.0924761,0.1010987,0.10525266666666666,0.10462333333333332,0.10399399999999999,0.10336466666666666,0.10273533333333333,0.10194866666666666,0.10131933333333333,0.10104400000000001,0.10246,0.10422999999999999,0.106,0.10776999999999999,0.109652,0.11153400000000001,0.11341600000000002,0.11567440000000001,0.1179328,0.1198148,0.12207320000000002,0.12433160000000001,0.13137200000000007,0.16006399999999998,0.19353799999999993,0.22223,0.255704,0.28917799999999994,0.32265200000000005,0.3609079999999999,0.38125169999999997,0.3968134,0.4145982000000001,0.43460610000000005,0.4523909,0.47239879999999995,0.49240670000000003,0.5124145999999999,0.5324225,0.5546535,0.5746614,0.588,0.588,0.588,0.588,0.588,0.588,0.588,0.588,0.588,0.588,0.588,0.588,0.588,0.588,0.588,0.588,0.588,0.588,0.588,0.588,0.588,0.588,0.588,0.588,0.588,0.588,0.588,0.588,0.588,0.588,0.588,0.588,0.588,0.588,0.588,0.588,0.588,0.588,0.588,0.588,0.588,0.588,0.588,0.588,0.588,0.588,0.588,0.588,0.588,0.588,0.588,0.588,0.588
P,0.0,0.0,0.0,0.0,0.0,0.0,0.0,0.0,0.0,0.0,0.0,0.0,0.0,0.0,0.0,0.0,0.0,0.0,0.0,0.0,0.0,0.0,0.0,0.0,0.0,0.0,0.0,0.0,0.0,0.0,0.0,0.0,0.0,0.0,0.0,0.0,0.0,0.0,0.0,0.0,0.0,0.0,0.0,0.0,0.0,0.0,0.0,0.0,0.0,0.0,0.0,0.0,0.0,0.0,0.0,0.0,0.0,0.0,0.0,0.0,0.0,0.0,0.0,0.0,0.0,0.0,0.0,0.0,0.0,0.0,0.0,0.0,0.0,0.0,0.0,0.0,0.0,0.0,0.0,0.0,0.0,0.0,0.0,0.0,0.0,0.0,0.0,0.0,0.0,0.0,0.0,0.0,0.0,0.0,0.0,0.0,0.0,0.0,0.0,0.0,0.0,6.6518e-07,7.079e-07,7.363800000000001e-07,7.791000000000001e-07,8.218199999999998e-07,8.645399999999999e-07,9.072599999999999e-07,9.4998e-07,9.927e-07,1.044576e-06,1.096452e-06,1.16562e-06,1.2174959999999999e-06,1.2866639999999997e-06,1.3385399999999998e-06,1.4077079999999999e-06,1.47384e-06,1.53896e-06,1.6040800000000001e-06,1.6691999999999998e-06,1.73432e-06,1.79944e-06,1.8784e-06,1.940266666666667e-06,2.0176000000000004e-06,2.0955e-06,2.1584999999999997e-06,2.2372499999999996e-06,2.3317499999999997e-06,2.413e-06,2.498e-06,2.6e-06,2.70808e-06,2.80068e-06,2.9118000000000002e-06,3.02292e-06,3.15856e-06,3.28168e-06,3.42532e-06,3.5689600000000002e-06,3.7126e-06,3.856240000000001e-06,3.99988e-06,4.1584e-06,4.2823e-06,4.4239e-06,4.565500000000001e-06,4.7248e-06,4.8664e-06,5.0338e-06,5.266000000000001e-06,5.498199999999999e-06,5.730399999999999e-06,5.988399999999999e-06,6.2464e-06,6.57048e-06,6.911079999999999e-06,7.28574e-06,7.660400000000002e-06,8.05998e-06,8.76774e-06,9.475500000000001e-06,1.018326e-05,1.0891020000000001e-05,1.07724e-05,1.058e-05,1.03876e-05,1.0270399999999999e-05,1.0693200000000001e-05,1.1146199999999998e-05,1.1599199999999999e-05,1.3892971428571435e-05,1.685611428571428e-05,2.0016799999999994e-05,2.3375028571428564e-05,2.6733257142857137e-05,3.0091485714285704e-05,3.364725714285714e-05,3.7203028571428565e-05,4.075879999999999e-05,4.4512114285714285e-05,4.8462971428571425e-05,5.241382857142857e-05,5.656222857142856e-05,6.071062857142857e-05,6.485902857142855e-05,6.920497142857142e-05,7.374845714285714e-05,7.848948571428571e-05,8.30329714285714e-05,8.797154285714283e-05,9.27125714285714e-05,9.863885714285713e-05,0.00010258971428571427,0.000108516,0.00011444228571428567,0.00012036857142857141,0.00012629485714285715,0.00013222114285714283,0.00013814742857142857,0.00014407371428571425,0.00015,0.00016860000000000003,0.00019339999999999993,0.000212,0.0002368,0.0002616,0.00028939999999999993,0.00035099999999999997,0.0004126,0.0004742000000000001,0.0005357999999999999,0.0006127999999999998,0.0006744000000000002,0.0007225999999999998,0.000669,0.000602,0.000535,0.000468,0.0004741,0.0004802,0.00048630000000000006,0.00049362,0.0005009400000000001,0.0005070399999999999,0.0005143600000000001,0.00052168,0.0005454200000000002,0.00064394,0.0007588799999999998,0.0008574,0.00097234,0.0010872799999999997,0.0012022200000000004,0.0013335799999999998,0.0013955000000000003,0.001441,0.0014930000000000006,0.0015515000000000004,0.0016035,0.001662,0.0017205000000000002,0.0017790000000000002,0.0018375000000000002,0.0019025000000000003,0.001961,0.002,0.002,0.002,0.002,0.002,0.002,0.002,0.002,0.002,0.002,0.002,0.002,0.002,0.002,0.002,0.002,0.002,0.002,0.002,0.002,0.002,0.002,0.002,0.002,0.002,0.002,0.002,0.002,0.002,0.002,0.002,0.002,0.002,0.002,0.002,0.002,0.002,0.002,0.002,0.002,0.002,0.002,0.002,0.002,0.002,0.002,0.002,0.002,0.002,0.002,0.002,0.002,0.002
S,0.0,0.0,0.0,0.0,0.0,0.0,0.0,0.0,0.0,0.0,0.0,0.0,0.0,0.0,0.0,0.0,0.0,0.0,0.0,0.0,0.0,0.0,0.0,0.0,0.0,0.0,0.0,0.0,0.0,0.0,0.0,0.0,0.0,0.0,0.0,0.0,0.0,0.0,0.0,0.0,0.0,0.0,0.0,0.0,0.0,0.0,0.0,0.0,0.0,0.0,0.0,0.0,0.0,0.0,0.0,0.0,0.0,0.0,0.0,0.0,0.0,0.0,0.0,0.0,0.0,0.0,0.0,0.0,0.0,0.0,0.0,0.0,0.0,0.0,0.0,0.0,0.0,0.0,0.0,0.0,0.0,0.0,0.0,0.0,0.0,0.0,0.0,0.0,0.0,0.0,0.0,0.0,0.0,0.0,0.0,0.0,0.0,0.0,0.0,0.0,0.0,4.7787264e-05,5.085576e-05,5.290142400000001e-05,5.596992000000001e-05,5.9038415999999984e-05,6.210691199999999e-05,6.5175408e-05,6.8243904e-05,7.13124e-05,7.5026676e-05,7.8740952e-05,8.369332000000001e-05,8.740759599999999e-05,9.2359964e-05,9.607423999999999e-05,0.000101026608,0.00010575388000000001,0.00011040612000000002,0.00011505836000000002,0.00011971059999999999,0.00012436284,0.00012901508,0.00013462094,0.00013899392666666668,0.00014446016,0.00014996516,0.00015441568,0.00015997882999999998,0.00016665460999999997,0.00017208843333333334,0.00017732826666666665,0.00018361606666666668,0.00019019296000000004,0.00019579416,0.0002025156,0.00020923704,0.00021671631999999999,0.00022271295999999998,0.00022970904000000004,0.00023670512,0.0002437012,0.00025069728000000005,0.00025769336,0.00026564988,0.00027250946,0.00028034897999999997,0.0002881885,0.00029700795999999997,0.00030484748,0.0003137548799999999,0.0003233658,0.00033297672,0.00034258764,0.00035326644,0.00036394524000000003,0.00037478820000000004,0.00038567219999999995,0.0003976446,0.00040961700000000003,0.00042155116,0.00043415307999999995,0.000446755,0.00045935692,0.0004719588400000001,0.00048687788000000004,0.0005019025,0.00051692712,0.00053292768,0.0005478494400000001,0.0005638370399999999,0.00057982464,0.0010042019171428583,0.0015770845314285705,0.0021881593199999994,0.002837426282857142,0.0034866932457142848,0.004135960208571428,0.004823419345714287,0.005510878482857143,0.006198337619999999,0.006923988931428572,0.007687832417142858,0.008451675902857144,0.00925371156285714,0.010055747222857143,0.01085778288285714,0.011698010717142857,0.012576430725714287,0.01349304290857143,0.014371462917142853,0.01532626727428571,0.016242879457142857,0.017388644685714286,0.018152488171428567,0.019298253400000003,0.020444018628571422,0.021589783857142858,0.022735549085714287,0.023881314314285713,0.025027079542857142,0.026172844771428568,0.02731861,0.028551817150000002,0.030196093349999998,0.0314293005,0.0330735767,0.034717852900000006,0.03580031763333333,0.03684162416666666,0.0378829307,0.03892423723333334,0.03996554376666667,0.04126717693333333,0.04230848346666667,0.042916708,0.04118438,0.03901897,0.03685356,0.03468815,0.035395067,0.036101984000000004,0.036808901000000005,0.03765720140000001,0.0385055018,0.0392124188,0.040060719200000004,0.0409090196,0.04411934860000004,0.05829152019999999,0.07482572039999998,0.08899789200000001,0.1055320922,0.12206629239999996,0.13860049260000004,0.15749672139999996,0.16538129850000002,0.170903847,0.17721533100000003,0.18431575050000004,0.19062723450000002,0.197727654,0.2048280735,0.21192849300000002,0.2190289125,0.22691826750000002,0.234018687,0.2387523,0.2387523,0.2387523,0.2387523,0.2387523,0.2387523,0.2387523,0.2387523,0.2387523,0.2387523,0.2387523,0.2387523,0.2387523,0.2387523,0.2387523,0.2387523,0.2387523,0.2387523,0.2387523,0.2387523,0.2387523,0.2387523,0.2387523,0.2387523,0.2387523,0.2387523,0.2387523,0.2387523,0.2387523,0.2387523,0.2387523,0.2387523,0.2387523,0.2387523,0.2387523,0.2387523,0.2387523,0.2387523,0.2387523,0.2387523,0.2387523,0.2387523,0.2387523,0.2387523,0.2387523,0.2387523,0.2387523,0.2387523,0.2387523,0.2387523,0.2387523,0.2387523,0.2387523
Cl,0.0,0.0,0.0,0.0,0.0,0.0,0.0,0.0,0.0,0.0,0.0,0.0,0.0,0.0,0.0,0.0,0.0,0.0,0.0,0.0,0.0,0.0,0.0,0.0,0.0,0.0,0.0,0.0,0.0,0.0,0.0,0.0,0.0,0.0,0.0,0.0,0.0,0.0,0.0,0.0,0.0,0.0,0.0,0.0,0.0,0.0,0.0,0.0,0.0,0.0,0.0,0.0,0.0,0.0,0.0,0.0,0.0,0.0,0.0,0.0,0.0,0.0,0.0,0.0,0.0,0.0,0.0,0.0,0.0,0.0,0.0,0.0,0.0,0.0,0.0,0.0,0.0,0.0,0.0,0.0,0.0,0.0,0.0,0.0,0.0,0.0,0.0,0.0,0.0,0.0,0.0,0.0,0.0,0.0,0.0,0.0,0.0,0.0,0.0,0.0,0.0,0.0,0.0,0.0,0.0,0.0,0.0,0.0,0.0,0.0,0.0,0.0,0.0,0.0,0.0,0.0,0.0,0.0,0.0,0.0,0.0,0.0,0.0,0.0,0.0,0.0,0.0,0.0,0.0,0.0,0.0,0.0,0.0,0.0,0.0,0.0,0.0,0.0,0.0,0.0,0.0,0.0,0.0,0.0,0.0,0.0,0.0,0.0,0.0,0.0,0.0,0.0,0.0,0.0,0.0,0.0,0.0,0.0,0.0,0.0,0.0,0.0,0.0,0.0,0.0,0.0,0.0,0.0,0.0,0.0,0.0,0.0,5.767142857142874e-07,1.3631428571428558e-06,2.2019999999999994e-06,3.093285714285713e-06,3.984571428571427e-06,4.8758571428571405e-06,5.81957142857143e-06,6.763285714285713e-06,7.706999999999998e-06,8.703142857142858e-06,9.751714285714286e-06,1.0800285714285715e-05,1.1901285714285711e-05,1.3002285714285715e-05,1.410328571428571e-05,1.5256714285714285e-05,1.646257142857143e-05,1.7720857142857145e-05,1.892671428571428e-05,2.0237428571428566e-05,2.1495714285714282e-05,2.3068571428571426e-05,2.4117142857142853e-05,2.569e-05,2.7262857142857133e-05,2.8835714285714283e-05,3.0408571428571427e-05,3.198142857142857e-05,3.355428571428571e-05,3.512714285714285e-05,3.67e-05,4.148500000000001e-05,4.786499999999999e-05,5.265e-05,5.903e-05,6.541000000000001e-05,7.148e-05,8.3e-05,9.452000000000001e-05,0.00010604000000000002,0.00011755999999999998,0.00013195999999999998,0.00014348000000000003,0.00015217499999999997,0.000140875,0.00012675,0.000112625,9.85e-05,0.00010017,0.00010184,0.00010351000000000002,0.000105514,0.00010751800000000001,0.00010918800000000001,0.00011119200000000002,0.000113196,0.0001208160000000001,0.000154512,0.00019382399999999994,0.00022752000000000002,0.000266832,0.0003061439999999999,0.00034545600000000006,0.0003903839999999999,0.00040846,0.00042092,0.0004351600000000001,0.00045118000000000003,0.00046541999999999997,0.00048143999999999997,0.00049746,0.00051348,0.0005295,0.0005473,0.00056332,0.000574,0.000574,0.000574,0.000574,0.000574,0.000574,0.000574,0.000574,0.000574,0.000574,0.000574,0.000574,0.000574,0.000574,0.000574,0.000574,0.000574,0.000574,0.000574,0.000574,0.000574,0.000574,0.000574,0.000574,0.000574,0.000574,0.000574,0.000574,0.000574,0.000574,0.000574,0.000574,0.000574,0.000574,0.000574,0.000574,0.000574,0.000574,0.000574,0.000574,0.000574,0.000574,0.000574,0.000574,0.000574,0.000574,0.000574,0.000574,0.000574,0.000574,0.000574,0.000574,0.000574
Ar,0.0,0.0,0.0,0.0,0.0,0.0,0.0,0.0,0.0,0.0,0.0,0.0,0.0,0.0,0.0,0.0,0.0,0.0,0.0,0.0,0.0,0.0,0.0,0.0,0.0,0.0,0.0,0.0,0.0,0.0,0.0,0.0,0.0,0.0,0.0,0.0,0.0,0.0,0.0,0.0,0.0,0.0,0.0,0.0,0.0,0.0,0.0,0.0,0.0,0.0,0.0,0.0,0.0,0.0,0.0,0.0,0.0,0.0,0.0,0.0,0.0,0.0,0.0,0.0,0.0,0.0,0.0,0.0,0.0,0.0,0.0,0.0,0.0,0.0,0.0,0.0,0.0,0.0,0.0,0.0,0.0,0.0,0.0,0.0,0.0,0.0,0.0,0.0,0.0,0.0,0.0,0.0,0.0,0.0,0.0,0.0,0.0,0.0,0.0,0.0,0.0,0.0,0.0,0.0,0.0,0.0,0.0,0.0,0.0,0.0,0.0,0.0,0.0,0.0,0.0,0.0,0.0,0.0,0.0,0.0,0.0,0.0,0.0,0.0,0.0,0.0,0.0,0.0,0.0,0.0,0.0,0.0,0.0,0.0,0.0,0.0,0.0,0.0,0.0,0.0,0.0,0.0,0.0,0.0,0.0,0.0,0.0,0.0,0.0,0.0,0.0,0.0,0.0,0.0,0.0,0.0,0.0,0.0,0.0,0.0,0.0,0.0,0.0,0.0,0.0,0.0,0.0,0.0,0.0,0.0,0.0,0.0,7.332647142857163e-05,0.00017331711428571412,0.0002799737999999999,0.0003932965285714284,0.000506619257142857,0.0006199419857142854,0.0007399307571428573,0.0008599195285714284,0.0009799082999999997,0.0011065631142857142,0.0012398839714285715,0.0013732048285714285,0.0015131917285714281,0.0016531786285714286,0.001793165528571428,0.0019398184714285711,0.002093137457142857,0.002253122485714286,0.0024064414714285707,0.002573092542857142,0.0027330775714285707,0.002933058857142857,0.0030663797142857136,0.003266361,0.0034663422857142846,0.003666323571428571,0.003866304857142857,0.004066286142857142,0.004266267428571428,0.004466248714285713,0.0046662299999999995,0.004686951599999999,0.0047145804,0.004735301999999999,0.0047629308,0.004790559599999999,0.0049010798666666655,0.005287903333333332,0.005674726799999999,0.006061550266666667,0.006448373733333333,0.006931903066666666,0.007318726533333335,0.007561745499999998,0.006986527500000001,0.006267505,0.0055484825,0.00482946,0.0049863521,0.0051432442,0.0053001363,0.0054884068200000006,0.00567667734,0.00583356944,0.006021839960000001,0.006210110479999999,0.006762070780000005,0.008944209459999998,0.011490037919999996,0.0136721766,0.01621800506,0.018763833519999995,0.021309661980000005,0.024219180219999997,0.025415804200000003,0.0262487384,0.027200663200000006,0.028271578600000003,0.029223503400000003,0.0302944188,0.031365334200000004,0.0324362496,0.033507165000000005,0.034697071,0.03576798640000001,0.03648193,0.03648193,0.03648193,0.03648193,0.03648193,0.03648193,0.03648193,0.03648193,0.03648193,0.03648193,0.03648193,0.03648193,0.03648193,0.03648193,0.03648193,0.03648193,0.03648193,0.03648193,0.03648193,0.03648193,0.03648193,0.03648193,0.03648193,0.03648193,0.03648193,0.03648193,0.03648193,0.03648193,0.03648193,0.03648193,0.03648193,0.03648193,0.03648193,0.03648193,0.03648193,0.03648193,0.03648193,0.03648193,0.03648193,0.03648193,0.03648193,0.03648193,0.03648193,0.03648193,0.03648193,0.03648193,0.03648193,0.03648193,0.03648193,0.03648193,0.03648193,0.03648193,0.03648193
K,0.0,0.0,0.0,0.0,0.0,0.0,0.0,0.0,0.0,0.0,0.0,0.0,0.0,0.0,0.0,0.0,0.0,0.0,0.0,0.0,0.0,0.0,0.0,0.0,0.0,0.0,0.0,0.0,0.0,0.0,0.0,0.0,0.0,0.0,0.0,0.0,0.0,0.0,0.0,0.0,0.0,0.0,0.0,0.0,0.0,0.0,0.0,0.0,0.0,0.0,0.0,0.0,0.0,0.0,0.0,0.0,0.0,0.0,0.0,0.0,0.0,0.0,0.0,0.0,0.0,0.0,0.0,0.0,0.0,0.0,0.0,0.0,0.0,0.0,0.0,0.0,0.0,0.0,0.0,0.0,0.0,0.0,0.0,0.0,0.0,0.0,0.0,0.0,0.0,0.0,0.0,0.0,0.0,0.0,0.0,0.0,0.0,0.0,0.0,0.0,0.0,0.0,0.0,0.0,0.0,0.0,0.0,0.0,0.0,0.0,0.0,0.0,0.0,0.0,0.0,0.0,0.0,0.0,0.0,0.0,0.0,0.0,0.0,0.0,0.0,0.0,0.0,0.0,0.0,0.0,0.0,0.0,0.0,0.0,0.0,0.0,0.0,0.0,0.0,0.0,0.0,0.0,0.0,0.0,0.0,0.0,0.0,0.0,0.0,0.0,0.0,0.0,0.0,0.0,0.0,0.0,0.0,0.0,0.0,0.0,0.0,0.0,0.0,0.0,0.0,0.0,0.0,0.0,0.0,0.0,0.0,0.0,3.092224142857152e-07,7.308893428571421e-07,1.1806673999999997e-06,1.6585565857142851e-06,2.136445771428571e-06,2.614334957142856e-06,3.120335271428572e-06,3.6263355857142852e-06,4.132335899999999e-06,4.666447342857143e-06,5.228669914285715e-06,5.7908924857142864e-06,6.381226185714285e-06,6.971559885714286e-06,7.561893585714283e-06,8.180338414285714e-06,8.826894371428573e-06,9.501561457142859e-06,1.014811741428571e-05,1.0850895628571425e-05,1.1525562714285713e-05,1.236889657142857e-05,1.293111914285714e-05,1.3774453000000001e-05,1.4617786857142852e-05,1.5461120714285715e-05,1.6304454571428572e-05,1.7147788428571427e-05,1.7991122285714284e-05,1.8834456142857138e-05,1.967779e-05,2.1896491000000005e-05,2.4854758999999992e-05,2.707346e-05,3.0031728000000002e-05,3.2989996e-05,3.5959385666666665e-05,4.192040833333333e-05,4.7881431000000004e-05,5.3842453666666676e-05,5.980347633333333e-05,6.725475466666666e-05,7.321577733333336e-05,7.759808499999998e-05,7.1283225e-05,6.338965e-05,5.5496075000000004e-05,4.7602500000000004e-05,4.746154e-05,4.732058000000001e-05,4.717962000000001e-05,4.7010468000000006e-05,4.684131600000001e-05,4.6700356000000004e-05,4.653120400000001e-05,4.6362052e-05,4.9090752000000044e-05,6.647786399999998e-05,8.676282799999996e-05,0.00010414994,0.000124434904,0.00014471986799999997,0.00016500483200000004,0.00018818764799999996,0.000194398075,0.00019771065,0.00020149645000000003,0.000205755475,0.000209541275,0.00021380030000000001,0.00021805932500000002,0.00022231835,0.000226577375,0.00023130962500000001,0.00023556865,0.00023840799999999998,0.00023840799999999998,0.00023840799999999998,0.00023840799999999998,0.00023840799999999998,0.00023840799999999998,0.00023840799999999998,0.00023840799999999998,0.00023840799999999998,0.00023840799999999998,0.00023840799999999998,0.00023840799999999998,0.00023840799999999998,0.00023840799999999998,0.00023840799999999998,0.00023840799999999998,0.00023840799999999998,0.00023840799999999998,0.00023840799999999998,0.00023840799999999998,0.00023840799999999998,0.00023840799999999998,0.00023840799999999998,0.00023840799999999998,0.00023840799999999998,0.00023840799999999998,0.00023840799999999998,0.00023840799999999998,0.00023840799999999998,0.00023840799999999998,0.00023840799999999998,0.00023840799999999998,0.00023840799999999998,0.00023840799999999998,0.00023840799999999998,0.00023840799999999998,0.00023840799999999998,0.00023840799999999998,0.00023840799999999998,0.00023840799999999998,0.00023840799999999998,0.00023840799999999998,0.00023840799999999998,0.00023840799999999998,0.00023840799999999998,0.00023840799999999998,0.00023840799999999998,0.00023840799999999998,0.00023840799999999998,0.00023840799999999998,0.00023840799999999998,0.00023840799999999998,0.00023840799999999998
Ca,0.0,0.0,0.0,0.0,0.0,0.0,0.0,0.0,0.0,0.0,0.0,0.0,0.0,0.0,0.0,0.0,0.0,0.0,0.0,0.0,0.0,0.0,0.0,0.0,0.0,0.0,0.0,0.0,0.0,0.0,0.0,0.0,0.0,0.0,0.0,0.0,0.0,0.0,0.0,0.0,0.0,0.0,0.0,0.0,0.0,0.0,0.0,0.0,0.0,0.0,0.0,0.0,0.0,0.0,0.0,0.0,0.0,0.0,0.0,0.0,0.0,0.0,0.0,0.0,0.0,0.0,0.0,0.0,0.0,0.0,0.0,0.0,0.0,0.0,0.0,0.0,0.0,0.0,0.0,0.0,0.0,0.0,0.0,0.0,0.0,0.0,0.0,0.0,0.0,0.0,0.0,0.0,0.0,0.0,0.0,0.0,0.0,0.0,0.0,0.0,0.0,0.0,0.0,0.0,0.0,0.0,0.0,0.0,0.0,0.0,0.0,0.0,0.0,0.0,0.0,0.0,0.0,0.0,0.0,0.0,0.0,0.0,0.0,0.0,0.0,0.0,0.0,0.0,0.0,0.0,0.0,0.0,0.0,0.0,0.0,0.0,0.0,0.0,0.0,0.0,0.0,0.0,0.0,0.0,0.0,0.0,0.0,0.0,0.0,0.0,0.0,0.0,0.0,0.0,0.0,0.0,0.0,0.0,0.0,0.0,0.0,0.0,0.0,0.0,0.0,0.0,0.0,0.0,0.0,0.0,0.0,0.0,6.184509100000018e-05,0.00014617930599999989,0.00023613580199999994,0.0003317145789999999,0.0004272933559999999,0.0005228721329999999,0.0006240731910000002,0.000725274249,0.0008264753069999999,0.0009332986460000001,0.0010457442660000002,0.0011581898860000002,0.001276257787,0.0013943256880000001,0.0015123935889999997,0.001636083771,0.0017653962340000004,0.0019003309780000004,0.0020296434409999994,0.0021702004659999996,0.00230513521,0.00247380364,0.0025862492599999995,0.0027549176900000002,0.0029235861199999992,0.00309225455,0.0032609229800000003,0.0034295914099999997,0.00359825984,0.0037669282699999995,0.0039355967,0.0038122776949999996,0.0036478523550000004,0.00352453335,0.0033601080099999996,0.0031956826699999995,0.003215590366666666,0.003624071833333333,0.0040325533,0.004441034766666667,0.004849516233333332,0.005360118066666665,0.005768599533333334,0.006023821699999998,0.005410784499999999,0.004644488,0.0038781914999999998,0.003111895,0.0032813945999999997,0.0034508942000000004,0.0036203938000000002,0.0038237933200000007,0.00402719284,0.00419669244,0.004400091960000001,0.004603491479999999,0.005047937020000003,0.006494213139999999,0.008181535279999997,0.0096278114,0.01131513354,0.013002455679999995,0.014689777820000003,0.016618145979999995,0.01748421332,0.01810923464,0.01882354472,0.01962714356,0.02034145364,0.02114505248,0.021948651320000002,0.02275225016,0.023555848999999997,0.0244487366,0.02525233544,0.025788067999999997,0.025788067999999997,0.025788067999999997,0.025788067999999997,0.025788067999999997,0.025788067999999997,0.025788067999999997,0.025788067999999997,0.025788067999999997,0.025788067999999997,0.025788067999999997,0.025788067999999997,0.025788067999999997,0.025788067999999997,0.025788067999999997,0.025788067999999997,0.025788067999999997,0.025788067999999997,0.025788067999999997,0.025788067999999997,0.025788067999999997,0.025788067999999997,0.025788067999999997,0.025788067999999997,0.025788067999999997,0.025788067999999997,0.025788067999999997,0.025788067999999997,0.025788067999999997,0.025788067999999997,0.025788067999999997,0.025788067999999997,0.025788067999999997,0.025788067999999997,0.025788067999999997,0.025788067999999997,0.025788067999999997,0.025788067999999997,0.025788067999999997,0.025788067999999997,0.025788067999999997,0.025788067999999997,0.025788067999999997,0.025788067999999997,0.025788067999999997,0.025788067999999997,0.025788067999999997,0.025788067999999997,0.025788067999999997,0.025788067999999997,0.025788067999999997,0.025788067999999997,0.025788067999999997
Sc,0.0,0.0,0.0,0.0,0.0,0.0,0.0,0.0,0.0,0.0,0.0,0.0,0.0,0.0,0.0,0.0,0.0,0.0,0.0,0.0,0.0,0.0,0.0,0.0,0.0,0.0,0.0,0.0,0.0,0.0,0.0,0.0,0.0,0.0,0.0,0.0,0.0,0.0,0.0,0.0,0.0,0.0,0.0,0.0,0.0,0.0,0.0,0.0,0.0,0.0,0.0,0.0,0.0,0.0,0.0,0.0,0.0,0.0,0.0,0.0,0.0,0.0,0.0,0.0,0.0,0.0,0.0,0.0,0.0,0.0,0.0,0.0,0.0,0.0,0.0,0.0,0.0,0.0,0.0,0.0,0.0,0.0,0.0,0.0,0.0,0.0,0.0,0.0,0.0,0.0,0.0,0.0,0.0,0.0,0.0,0.0,0.0,0.0,0.0,0.0,0.0,0.0,0.0,0.0,0.0,0.0,0.0,0.0,0.0,0.0,0.0,0.0,0.0,0.0,0.0,0.0,0.0,0.0,0.0,0.0,0.0,0.0,0.0,0.0,0.0,0.0,0.0,0.0,0.0,0.0,0.0,0.0,0.0,0.0,0.0,0.0,0.0,0.0,0.0,0.0,0.0,0.0,0.0,0.0,0.0,0.0,0.0,0.0,0.0,0.0,0.0,0.0,0.0,0.0,0.0,0.0,0.0,0.0,0.0,0.0,0.0,0.0,0.0,0.0,0.0,0.0,0.0,0.0,0.0,0.0,0.0,0.0,3.3942857142857245e-09,8.022857142857135e-09,1.2959999999999997e-08,1.820571428571428e-08,2.3451428571428567e-08,2.869714285714285e-08,3.425142857142858e-08,3.9805714285714286e-08,4.535999999999999e-08,5.122285714285715e-08,5.739428571428572e-08,6.35657142857143e-08,7.004571428571427e-08,7.652571428571429e-08,8.300571428571426e-08,8.979428571428571e-08,9.689142857142858e-08,1.0429714285714288e-07,1.1139428571428568e-07,1.191085714285714e-07,1.265142857142857e-07,1.3577142857142857e-07,1.419428571428571e-07,1.512e-07,1.6045714285714282e-07,1.6971428571428571e-07,1.7897142857142858e-07,1.882285714285714e-07,1.974857142857143e-07,2.067428571428571e-07,2.16e-07,2.2080000000000002e-07,2.2719999999999997e-07,2.32e-07,2.384e-07,2.448e-07,2.847333333333332e-07,4.3166666666666663e-07,5.786000000000001e-07,7.255333333333336e-07,8.724666666666664e-07,1.056133333333333e-06,1.2030666666666672e-06,1.3129499999999994e-06,1.1647500000000002e-06,9.795000000000001e-07,7.942500000000001e-07,6.09e-07,6.093e-07,6.096000000000001e-07,6.099000000000001e-07,6.102600000000001e-07,6.1062e-07,6.109200000000001e-07,6.112800000000001e-07,6.1164e-07,6.301600000000004e-07,7.3912e-07,8.662399999999999e-07,9.752000000000002e-07,1.10232e-06,1.2294399999999999e-06,1.3565600000000002e-06,1.5018399999999998e-06,1.5389000000000002e-06,1.5578000000000001e-06,1.5794000000000003e-06,1.6037000000000004e-06,1.6253000000000001e-06,1.6496e-06,1.6739e-06,1.6982e-06,1.7225e-06,1.7495000000000001e-06,1.7738e-06,1.79e-06,1.79e-06,1.79e-06,1.79e-06,1.79e-06,1.79e-06,1.79e-06,1.79e-06,1.79e-06,1.79e-06,1.79e-06,1.79e-06,1.79e-06,1.79e-06,1.79e-06,1.79e-06,1.79e-06,1.79e-06,1.79e-06,1.79e-06,1.79e-06,1.79e-06,1.79e-06,1.79e-06,1.79e-06,1.79e-06,1.79e-06,1.79e-06,1.79e-06,1.79e-06,1.79e-06,1.79e-06,1.79e-06,1.79e-06,1.79e-06,1.79e-06,1.79e-06,1.79e-06,1.79e-06,1.79e-06,1.79e-06,1.79e-06,1.79e-06,1.79e-06,1.79e-06,1.79e-06,1.79e-06,1.79e-06,1.79e-06,1.79e-06,1.79e-06,1.79e-06,1.79e-06
Ti,0.0,0.0,0.0,0.0,0.0,0.0,0.0,0.0,0.0,0.0,0.0,0.0,0.0,0.0,0.0,0.0,0.0,0.0,0.0,0.0,0.0,0.0,0.0,0.0,0.0,0.0,0.0,0.0,0.0,0.0,0.0,0.0,0.0,0.0,0.0,0.0,0.0,0.0,0.0,0.0,0.0,0.0,0.0,0.0,0.0,0.0,0.0,0.0,0.0,0.0,0.0,0.0,0.0,0.0,0.0,0.0,0.0,0.0,0.0,0.0,0.0,0.0,0.0,0.0,0.0,0.0,0.0,0.0,0.0,0.0,0.0,0.0,0.0,0.0,0.0,0.0,0.0,0.0,0.0,0.0,0.0,0.0,0.0,0.0,0.0,0.0,0.0,0.0,0.0,0.0,0.0,0.0,0.0,0.0,0.0,0.0,0.0,0.0,0.0,0.0,0.0,0.0,0.0,0.0,0.0,0.0,0.0,0.0,0.0,0.0,0.0,0.0,0.0,0.0,0.0,0.0,0.0,0.0,0.0,0.0,0.0,0.0,0.0,0.0,0.0,0.0,0.0,0.0,0.0,0.0,0.0,0.0,0.0,0.0,0.0,0.0,0.0,0.0,0.0,0.0,0.0,0.0,0.0,0.0,0.0,0.0,0.0,0.0,0.0,0.0,0.0,0.0,0.0,0.0,0.0,0.0,0.0,0.0,0.0,0.0,0.0,0.0,0.0,0.0,0.0,0.0,0.0,0.0,0.0,0.0,0.0,0.0,1.5138357142857188e-06,3.57815714285714e-06,5.780099999999999e-06,8.119664285714284e-06,1.0459228571428568e-05,1.2798792857142853e-05,1.5275978571428576e-05,1.7753164285714286e-05,2.023035e-05,2.2845157142857147e-05,2.559758571428572e-05,2.835001428571429e-05,3.1240064285714283e-05,3.413011428571429e-05,3.702016428571428e-05,4.0047835714285715e-05,4.321312857142858e-05,4.651604285714287e-05,4.9681335714285704e-05,5.3121871428571415e-05,5.642478571428571e-05,6.055342857142857e-05,6.330585714285713e-05,6.743450000000001e-05,7.156314285714284e-05,7.569178571428571e-05,7.982042857142858e-05,8.394907142857142e-05,8.807771428571429e-05,9.220635714285714e-05,9.6335e-05,9.49304e-05,9.305760000000002e-05,9.1653e-05,8.97802e-05,8.79074e-05,8.943229999999999e-05,9.92775e-05,0.00010912270000000001,0.00011896790000000002,0.00012881309999999998,0.00014111959999999998,0.00015096480000000004,0.00015563494999999993,0.00013493475,0.00010905950000000001,8.318425e-05,5.7309e-05,6.978710000000001e-05,8.22652e-05,9.47433e-05,0.00010971702000000004,0.00012469074,0.00013716884,0.00015214256000000003,0.00016711627999999997,0.00018387280000000005,0.0001945696,0.0002070492,0.00021774600000000003,0.00023022560000000001,0.00024270519999999997,0.00025518480000000004,0.0002694472,0.00028614840000000004,0.0003010668,0.0003181164000000001,0.00033729720000000003,0.0003543468,0.00037352759999999995,0.00039270840000000005,0.00041188920000000004,0.00043107,0.00045238200000000003,0.0004715628,0.00048435,0.00048435,0.00048435,0.00048435,0.00048435,0.00048435,0.00048435,0.00048435,0.00048435,0.00048435,0.00048435,0.00048435,0.00048435,0.00048435,0.00048435,0.00048435,0.00048435,0.00048435,0.00048435,0.00048435,0.00048435,0.00048435,0.00048435,0.00048435,0.00048435,0.00048435,0.00048435,0.00048435,0.00048435,0.00048435,0.00048435,0.00048435,0.00048435,0.00048435,0.00048435,0.00048435,0.00048435,0.00048435,0.00048435,0.00048435,0.00048435,0.00048435,0.00048435,0.00048435,0.00048435,0.00048435,0.00048435,0.00048435,0.00048435,0.00048435,0.00048435,0.00048435,0.00048435
Cr,0.0,0.0,0.0,0.0,0.0,0.0,0.0,0.0,0.0,0.0,0.0,0.0,0.0,0.0,0.0,0.0,0.0,0.0,0.0,0.0,0.0,0.0,0.0,0.0,0.0,0.0,0.0,0.0,0.0,0.0,0.0,0.0,0.0,0.0,0.0,0.0,0.0,0.0,0.0,0.0,0.0,0.0,0.0,0.0,0.0,0.0,0.0,0.0,0.0,0.0,0.0,0.0,0.0,0.0,0.0,0.0,0.0,0.0,0.0,0.0,0.0,0.0,0.0,0.0,0.0,0.0,0.0,0.0,0.0,0.0,0.0,0.0,0.0,0.0,0.0,0.0,0.0,0.0,0.0,0.0,0.0,0.0,0.0,0.0,0.0,0.0,0.0,0.0,0.0,0.0,0.0,0.0,0.0,0.0,0.0,0.0,0.0,0.0,0.0,0.0,0.0,0.0,0.0,0.0,0.0,0.0,0.0,0.0,0.0,0.0,0.0,0.0,0.0,0.0,0.0,0.0,0.0,0.0,0.0,0.0,0.0,0.0,0.0,0.0,0.0,0.0,0.0,0.0,0.0,0.0,0.0,0.0,0.0,0.0,0.0,0.0,0.0,0.0,0.0,0.0,0.0,0.0,0.0,0.0,0.0,0.0,0.0,0.0,0.0,0.0,0.0,0.0,0.0,0.0,0.0,0.0,0.0,0.0,0.0,0.0,0.0,0.0,0.0,0.0,0.0,0.0,0.0,0.0,0.0,0.0,0.0,0.0,1.881078571428577e-05,4.4461857142857105e-05,7.182299999999998e-05,0.00010089421428571425,0.00012996542857142854,0.0001590366428571428,0.00018981792857142863,0.0002205992142857143,0.00025138049999999995,0.00028387185714285717,0.00031807328571428577,0.00035227471428571437,0.0003881862142857142,0.00042409771428571436,0.00046000921428571417,0.0004976307857142857,0.0005369624285714287,0.000578004142857143,0.0006173357857142856,0.0006600875714285713,0.0007011292857142857,0.0007524314285714286,0.000786632857142857,0.0008379350000000002,0.0008892371428571426,0.0009405392857142858,0.0009918414285714286,0.0010431435714285714,0.0010944457142857142,0.001145747857142857,0.00119705,0.0011751335,0.0011459115,0.001123995,0.001094773,0.0010655509999999999,0.001081812,0.0012052999999999999,0.001328788,0.0014522760000000002,0.0015757639999999997,0.0017301239999999996,0.0018536120000000004,0.0018936269999999986,0.0015597349999999998,0.00114237,0.0007250049999999999,0.00030764,0.000369601,0.000431562,0.000493523,0.0005678762000000002,0.0006422293999999999,0.0007041904,0.0007785436000000002,0.0008528967999999999,0.0009462782000000003,0.0010604473999999999,0.0011936447999999998,0.001307814,0.0014410114,0.0015742087999999997,0.0017074062000000001,0.0018596317999999997,0.0019969551,0.0021152501999999996,0.0022504446000000005,0.0024025383000000006,0.0025377327,0.0026898264,0.0028419201000000004,0.0029940138,0.0031461075,0.0033151005000000002,0.0034671942,0.00356859,0.00356859,0.00356859,0.00356859,0.00356859,0.00356859,0.00356859,0.00356859,0.00356859,0.00356859,0.00356859,0.00356859,0.00356859,0.00356859,0.00356859,0.00356859,0.00356859,0.00356859,0.00356859,0.00356859,0.00356859,0.00356859,0.00356859,0.00356859,0.00356859,0.00356859,0.00356859,0.00356859,0.00356859,0.00356859,0.00356859,0.00356859,0.00356859,0.00356859,0.00356859,0.00356859,0.00356859,0.00356859,0.00356859,0.00356859,0.00356859,0.00356859,0.00356859,0.00356859,0.00356859,0.00356859,0.00356859,0.00356859,0.00356859,0.00356859,0.00356859,0.00356859,0.00356859
Mn,0.0,0.0,0.0,0.0,0.0,0.0,0.0,0.0,0.0,0.0,0.0,0.0,0.0,0.0,0.0,0.0,0.0,0.0,0.0,0.0,0.0,0.0,0.0,0.0,0.0,0.0,0.0,0.0,0.0,0.0,0.0,0.0,0.0,0.0,0.0,0.0,0.0,0.0,0.0,0.0,0.0,0.0,0.0,0.0,0.0,0.0,0.0,0.0,0.0,0.0,0.0,0.0,0.0,0.0,0.0,0.0,0.0,0.0,0.0,0.0,0.0,0.0,0.0,0.0,0.0,0.0,0.0,0.0,0.0,0.0,0.0,0.0,0.0,0.0,0.0,0.0,0.0,0.0,0.0,0.0,0.0,0.0,0.0,0.0,0.0,0.0,0.0,0.0,0.0,0.0,0.0,0.0,0.0,0.0,0.0,0.0,0.0,0.0,0.0,0.0,0.0,0.0,0.0,0.0,0.0,0.0,0.0,0.0,0.0,0.0,0.0,0.0,0.0,0.0,0.0,0.0,0.0,0.0,0.0,0.0,0.0,0.0,0.0,0.0,0.0,0.0,0.0,0.0,0.0,0.0,0.0,0.0,0.0,0.0,0.0,0.0,0.0,0.0,0.0,0.0,0.0,0.0,0.0,0.0,0.0,0.0,0.0,0.0,0.0,0.0,0.0,0.0,0.0,0.0,0.0,0.0,0.0,0.0,0.0,0.0,0.0,0.0,0.0,0.0,0.0,0.0,0.0,0.0,0.0,0.0,0.0,0.0,3.1428571428571522e-06,7.4285714285714224e-06,1.1999999999999997e-05,1.685714285714285e-05,2.171428571428571e-05,2.6571428571428563e-05,3.171428571428572e-05,3.685714285714286e-05,4.2e-05,4.742857142857143e-05,5.314285714285715e-05,5.8857142857142866e-05,6.485714285714286e-05,7.085714285714287e-05,7.685714285714284e-05,8.314285714285715e-05,8.971428571428573e-05,9.657142857142858e-05,0.00010314285714285712,0.00011028571428571425,0.00011714285714285714,0.00012571428571428572,0.0001314285714285714,0.00014000000000000001,0.00014857142857142855,0.00015714285714285716,0.00016571428571428575,0.00017428571428571428,0.00018285714285714286,0.0001914285714285714,0.0002,0.00019564999999999999,0.00018985,0.0001855,0.0001797,0.0001739,0.00018089999999999998,0.0002205,0.00026010000000000003,0.0002997000000000001,0.0003392999999999999,0.0003887999999999999,0.0004284000000000001,0.0004491249999999997,0.000373625,0.00027925,0.000184875,9.05e-05,9.815e-05,0.00010580000000000001,0.00011345000000000002,0.00012263000000000004,0.00013181,0.00013946,0.00014864,0.00015781999999999998,0.00017018000000000005,0.00018926,0.00021151999999999995,0.00023060000000000002,0.00025286,0.00027511999999999995,0.00029738000000000003,0.00032282,0.00034385000000000004,0.0003617,0.0003821000000000001,0.0004050500000000001,0.00042545,0.0004484,0.0004713500000000001,0.0004943,0.00051725,0.00054275,0.0005657,0.000581,0.000581,0.000581,0.000581,0.000581,0.000581,0.000581,0.000581,0.000581,0.000581,0.000581,0.000581,0.000581,0.000581,0.000581,0.000581,0.000581,0.000581,0.000581,0.000581,0.000581,0.000581,0.000581,0.000581,0.000581,0.000581,0.000581,0.000581,0.000581,0.000581,0.000581,0.000581,0.000581,0.000581,0.000581,0.000581,0.000581,0.000581,0.000581,0.000581,0.000581,0.000581,0.000581,0.000581,0.000581,0.000581,0.000581,0.000581,0.000581,0.000581,0.000581,0.000581,0.000581
Fe,0.0,0.0,0.0,0.0,0.0,0.0,0.0,0.0,0.0,0.0,0.0,0.0,0.0,0.0,0.0,0.0,0.0,0.0,0.0,0.0,0.0,0.0,0.0,0.0,0.0,0.0,0.0,0.0,0.0,0.0,0.0,0.0,0.0,0.0,0.0,0.0,0.0,0.0,0.0,0.0,0.0,0.0,0.0,0.0,0.0,0.0,0.0,0.0,0.0,0.0,0.0,0.0,0.0,0.0,0.0,0.0,0.0,0.0,0.0,0.0,0.0,0.0,0.0,0.0,0.0,0.0,0.0,0.0,0.0,0.0,0.0,0.0,0.0,0.0,0.0,0.0,0.0,0.0,0.0,0.0,0.0,0.0,0.0,0.0,0.0,0.0,0.0,0.0,0.0,0.0,0.0,0.0,0.0,0.0,0.0,0.0,0.0,0.0,0.0,0.0,0.0,0.000103828724,0.00011049176,0.000114933784,0.00012159682000000001,0.00012825985599999995,0.00013492289199999995,0.00014158592799999996,0.00014824896399999996,0.00015491199999999997,0.00016299152799999998,0.00017107105599999998,0.00018184376,0.00018992328799999995,0.00020069599199999997,0.00020877551999999997,0.00021954822399999996,0.000229818188,0.00023992057199999998,0.000250022956,0.00026012534,0.000270227724,0.000280330108,0.00029250404,0.0003020010266666667,0.00031387226,0.00032582849999999997,0.00033549549999999995,0.00034757924999999996,0.0003620797499999999,0.00037390666666666666,0.0003853483333333333,0.0003990783333333333,0.00041342795999999997,0.00042564416,0.00044030359999999995,0.00045496303999999996,0.00047114063999999993,0.00048394991999999997,0.00049889408,0.00051383824,0.0005287823999999999,0.00054372656,0.00055867072,0.000575639,0.0005901954999999999,0.0006068314999999999,0.0006234674999999999,0.000642183,0.0006588189999999999,0.0006777148599999999,0.0006980535999999999,0.0007183923399999999,0.00073873108,0.0007613296799999999,0.00078392828,0.00080666272,0.0008294311199999999,0.00085447636,0.0008795216000000001,0.0009044286000000001,0.0009300918,0.0009557550000000001,0.0009814182,0.0010070814,0.0010408424,0.0010751,0.0011093576,0.0011455483999999998,0.0011775272000000001,0.0012117902,0.0012460532000000003,0.002413058014285718,0.003991968942857141,0.005676140599999999,0.007465572985714284,0.009255005371428569,0.011044437757142854,0.012939130871428573,0.014833823985714284,0.016728517099999996,0.018728470942857144,0.020833685514285716,0.022938900085714288,0.02514937538571428,0.027359850685714285,0.029570325985714276,0.03188606201428571,0.034307058771428575,0.03683331625714286,0.039254313014285704,0.04188583122857142,0.04441208871428571,0.04756991057142857,0.04967512514285713,0.052832947000000005,0.05599076885714284,0.05914859071428571,0.06230641257142857,0.06546423442857142,0.06862205628571429,0.07177987814285712,0.0749377,0.07500837999999999,0.07510262,0.0751733,0.07526754,0.07536177999999999,0.07603180333333331,0.07852341666666665,0.08101502999999999,0.08350664333333332,0.08599825666666666,0.08911277333333333,0.09160438666666668,0.09103938999999996,0.07881294999999999,0.0635299,0.04824685,0.0329638,0.03832362,0.043683440000000004,0.049043260000000005,0.05547504400000002,0.061906828,0.067266648,0.07369843200000002,0.08013021599999999,0.08802050000000003,0.0967715,0.10698099999999998,0.11573200000000002,0.1259415,0.13615099999999997,0.1463605,0.1580285,0.16830958999999998,0.17713217999999997,0.18721514000000006,0.19855847000000004,0.20864143000000002,0.21998475999999997,0.23132809000000004,0.24267142000000003,0.25401475,0.26661845,0.27796178,0.285524,0.285524,0.285524,0.285524,0.285524,0.285524,0.285524,0.285524,0.285524,0.285524,0.285524,0.285524,0.285524,0.285524,0.285524,0.285524,0.285524,0.285524,0.285524,0.285524,0.285524,0.285524,0.285524,0.285524,0.285524,0.285524,0.285524,0.285524,0.285524,0.285524,0.285524,0.285524,0.285524,0.285524,0.285524,0.285524,0.285524,0.285524,0.285524,0.285524,0.285524,0.285524,0.285524,0.285524,0.285524,0.285524,0.285524,0.285524,0.285524,0.285524,0.285524,0.285524,0.285524
Co,0.0,0.0,0.0,0.0,0.0,0.0,0.0,0.0,0.0,0.0,0.0,0.0,0.0,0.0,0.0,0.0,0.0,0.0,0.0,0.0,0.0,0.0,0.0,0.0,0.0,0.0,0.0,0.0,0.0,0.0,0.0,0.0,0.0,0.0,0.0,0.0,0.0,0.0,0.0,0.0,0.0,0.0,0.0,0.0,0.0,0.0,0.0,0.0,0.0,0.0,0.0,0.0,0.0,0.0,0.0,0.0,0.0,0.0,0.0,0.0,0.0,0.0,0.0,0.0,0.0,0.0,0.0,0.0,0.0,0.0,0.0,0.0,0.0,0.0,0.0,0.0,0.0,0.0,0.0,0.0,0.0,0.0,0.0,0.0,0.0,0.0,0.0,0.0,0.0,0.0,0.0,0.0,0.0,0.0,0.0,0.0,0.0,0.0,0.0,0.0,0.0,2.7408400000000003e-07,2.9176e-07,3.0354400000000003e-07,3.2122000000000007e-07,3.3889599999999994e-07,3.5657199999999997e-07,3.74248e-07,3.91924e-07,4.096e-07,4.3189600000000004e-07,4.541920000000001e-07,4.839200000000001e-07,5.062159999999999e-07,5.35944e-07,5.582400000000001e-07,5.879680000000001e-07,6.184640000000002e-07,6.492160000000001e-07,6.799680000000001e-07,7.1072e-07,7.41472e-07,7.72224e-07,8.1314e-07,8.471933333333335e-07,8.897600000000002e-07,9.323700000000001e-07,9.6651e-07,1.009185e-06,1.060395e-06,1.1376000000000001e-06,1.2665999999999997e-06,1.4213999999999999e-06,1.59188e-06,1.7404799999999996e-06,1.9187999999999997e-06,2.09712e-06,2.357659999999999e-06,2.6409799999999997e-06,2.971520000000001e-06,3.3020600000000003e-06,3.6325999999999993e-06,3.9631400000000005e-06,4.29368e-06,4.566760000000001e-06,4.530920000000001e-06,4.48996e-06,4.449e-06,4.40292e-06,4.36196e-06,4.331519999999999e-06,4.4262e-06,4.52088e-06,4.61556e-06,4.72076e-06,4.825960000000001e-06,5.0822e-06,5.3761999999999994e-06,5.6996e-06,6.023000000000001e-06,6.334319999999999e-06,6.5421599999999995e-06,6.75e-06,6.95784e-06,7.16568e-06,6.96004e-06,6.7185e-06,6.47696e-06,6.254e-06,6.254e-06,6.254e-06,6.254e-06,9.235722857142865e-06,1.3301708571428564e-05,1.7638759999999995e-05,2.2246877142857137e-05,2.685499428571428e-05,3.146311142857142e-05,3.634229428571429e-05,4.122147714285714e-05,4.6100659999999994e-05,5.1250908571428575e-05,5.667222285714286e-05,6.209353714285715e-05,6.778591714285713e-05,7.347829714285714e-05,7.917067714285712e-05,8.513412285714285e-05,9.13686342857143e-05,9.787421142857143e-05,0.00010410872285714282,0.00011088536571428568,0.00011739094285714284,0.00012552291428571428,0.00013094422857142855,0.0001390762,0.0001472081714285714,0.00015534014285714285,0.00016347211428571428,0.0001716040857142857,0.00017973605714285713,0.00018786802857142853,0.000196,0.00018624999999999997,0.00017325,0.00016350000000000002,0.0001505,0.00013749999999999998,0.0001356,0.000154,0.00017240000000000002,0.00019080000000000003,0.00020919999999999996,0.00023219999999999995,0.0002506000000000001,0.0002579999999999998,0.000214,0.000159,0.000104,4.9e-05,8.08e-05,0.0001126,0.0001444,0.0001825600000000001,0.00022071999999999996,0.00025251999999999995,0.0002906800000000001,0.0003288399999999999,0.00036627999999999997,0.00036196000000000004,0.00035692000000000005,0.0003526,0.00034756000000000007,0.00034252,0.00033748000000000003,0.00033172000000000003,0.00033912000000000005,0.00034724000000000007,0.0003565200000000001,0.0003669600000000001,0.00037624,0.00038668000000000003,0.00039712000000000005,0.00040756000000000006,0.000418,0.0004296000000000001,0.00044004000000000005,0.000447,0.000447,0.000447,0.000447,0.000447,0.000447,0.000447,0.000447,0.000447,0.000447,0.000447,0.000447,0.000447,0.000447,0.000447,0.000447,0.000447,0.000447,0.000447,0.000447,0.000447,0.000447,0.000447,0.000447,0.000447,0.000447,0.000447,0.000447,0.000447,0.000447,0.000447,0.000447,0.000447,0.000447,0.000447,0.000447,0.000447,0.000447,0.000447,0.000447,0.000447,0.000447,0.000447,0.000447,0.000447,0.000447,0.000447,0.000447,0.000447,0.000447,0.000447,0.000447,0.000447
Ni,0.0,0.0,0.0,0.0,0.0,0.0,0.0,0.0,0.0,0.0,0.0,0.0,0.0,0.0,0.0,0.0,0.0,0.0,0.0,0.0,0.0,0.0,0.0,0.0,0.0,0.0,0.0,0.0,0.0,0.0,0.0,0.0,0.0,0.0,0.0,0.0,0.0,0.0,0.0,0.0,0.0,0.0,0.0,0.0,0.0,0.0,0.0,0.0,0.0,0.0,0.0,0.0,0.0,0.0,0.0,0.0,0.0,0.0,0.0,0.0,0.0,0.0,0.0,0.0,0.0,0.0,0.0,0.0,0.0,0.0,0.0,0.0,0.0,0.0,0.0,0.0,0.0,0.0,0.0,0.0,0.0,0.0,0.0,0.0,0.0,0.0,0.0,0.0,0.0,0.0,0.0,0.0,0.0,0.0,0.0,0.0,0.0,0.0,0.0,0.0,0.0,5.925776e-06,6.30614e-06,6.559716e-06,6.94008e-06,7.320443999999998e-06,7.700807999999998e-06,8.081171999999998e-06,8.461535999999999e-06,8.841899999999999e-06,9.301572000000001e-06,9.761244000000001e-06,1.037414e-05,1.0833811999999999e-05,1.1446708e-05,1.190638e-05,1.2519276000000002e-05,1.3103000000000001e-05,1.3677000000000003e-05,1.4251000000000003e-05,1.4825e-05,1.5399e-05,1.5973e-05,1.66616e-05,1.719706666666667e-05,1.7866400000000002e-05,1.8542019999999998e-05,1.9090059999999996e-05,1.9775109999999997e-05,2.0597169999999994e-05,2.127434826666667e-05,2.193971893333333e-05,2.2738163733333334e-05,2.362102512e-05,2.4391916519999997e-05,2.5316986199999997e-05,2.624205588e-05,2.7405867779999998e-05,2.8500065339999997e-05,2.9776629160000005e-05,3.1053192980000004e-05,3.2329756799999996e-05,3.360632062e-05,3.488288444e-05,3.627521668000001e-05,3.731868806e-05,3.851122678e-05,3.97037655e-05,4.1045371559999996e-05,4.223791028e-05,4.3622166099999996e-05,4.534762e-05,4.70730739e-05,4.87985278e-05,5.07156988e-05,5.26328698e-05,5.507182512e-05,5.764122652e-05,6.046756806e-05,6.329390960000001e-05,6.618330822e-05,7.002327486e-05,7.38632415e-05,7.770320814000001e-05,8.154317478e-05,8.170010424000001e-05,8.15234475e-05,8.134679076e-05,8.149850619999999e-05,8.37019886e-05,8.606286259999999e-05,8.842373659999999e-05,0.00012541375109571438,0.00017499618031714277,0.00022788410481999996,0.0002840775246042856,0.00034027094438857135,0.00039646436417285704,0.0004559632792385715,0.0005154621943042857,0.0005749611093699998,0.0006377655197171429,0.0007038754253457143,0.0007699853309742858,0.0008394007318842855,0.0009088161327942858,0.0009782315337042854,0.0010509524298957143,0.0011269788213685715,0.0012063107081228572,0.001282337099595714,0.0013649744816314282,0.001444306368385714,0.0015434712268285714,0.0016095811324571426,0.0017087459909,0.0018079108493428567,0.0019070757077857142,0.0020062405662285717,0.002105405424671428,0.0022045702831142854,0.002303735141557142,0.0024029,0.0023741929999999997,0.002335917,0.00230721,0.0022689340000000002,0.002230658,0.0030472326666666637,0.006390083333333333,0.009732934000000002,0.013075784666666672,0.016418635333333327,0.02059719866666666,0.023940049333333345,0.02599873499999998,0.020862075,0.01444125,0.008020425,0.0015996,0.0018636400000000002,0.0021276800000000003,0.0023917200000000004,0.002708568000000001,0.003025416,0.0032894559999999996,0.0036063040000000007,0.003923151999999999,0.00428606,0.00456242,0.00488484,0.0051612,0.005483620000000001,0.005806039999999999,0.0061284600000000005,0.00649694,0.00685758,0.00717216,0.007531680000000002,0.007936140000000001,0.008295660000000002,0.00870012,0.009104580000000001,0.009509040000000002,0.0099135,0.010362900000000001,0.01076736,0.011037,0.011037,0.011037,0.011037,0.011037,0.011037,0.011037,0.011037,0.011037,0.011037,0.011037,0.011037,0.011037,0.011037,0.011037,0.011037,0.011037,0.011037,0.011037,0.011037,0.011037,0.011037,0.011037,0.011037,0.011037,0.011037,0.011037,0.011037,0.011037,0.011037,0.011037,0.011037,0.011037,0.011037,0.011037,0.011037,0.011037,0.011037,0.011037,0.011037,0.011037,0.011037,0.011037,0.011037,0.011037,0.011037,0.011037,0.011037,0.011037,0.011037,0.011037,0.011037,0.011037
Cu,0.0,0.0,0.0,0.0,0.0,0.0,0.0,0.0,0.0,0.0,0.0,0.0,0.0,0.0,0.0,0.0,0.0,0.0,0.0,0.0,0.0,0.0,0.0,0.0,0.0,0.0,0.0,0.0,0.0,0.0,0.0,0.0,0.0,0.0,0.0,0.0,0.0,0.0,0.0,0.0,0.0,0.0,0.0,0.0,0.0,0.0,0.0,0.0,0.0,0.0,0.0,0.0,0.0,0.0,0.0,0.0,0.0,0.0,0.0,0.0,0.0,0.0,0.0,0.0,0.0,0.0,0.0,0.0,0.0,0.0,0.0,0.0,0.0,0.0,0.0,0.0,0.0,0.0,0.0,0.0,0.0,0.0,0.0,0.0,0.0,0.0,0.0,0.0,0.0,0.0,0.0,0.0,0.0,0.0,0.0,0.0,0.0,0.0,0.0,0.0,0.0,0.0,0.0,0.0,0.0,0.0,0.0,0.0,0.0,0.0,0.0,0.0,0.0,0.0,0.0,0.0,0.0,0.0,0.0,0.0,0.0,0.0,0.0,0.0,0.0,0.0,0.0,0.0,0.0,0.0,0.0,0.0,0.0,0.0,0.0,0.0,0.0,0.0,0.0,0.0,0.0,0.0,0.0,0.0,0.0,0.0,0.0,0.0,0.0,0.0,0.0,0.0,0.0,0.0,0.0,0.0,0.0,0.0,0.0,0.0,0.0,0.0,0.0,0.0,0.0,0.0,0.0,0.0,0.0,0.0,0.0,0.0,2.2487142857142922e-07,5.315142857142853e-07,8.585999999999998e-07,1.2061285714285711e-06,1.5536571428571425e-06,1.9011857142857137e-06,2.2691571428571435e-06,2.6371285714285713e-06,3.0050999999999994e-06,3.3935142857142858e-06,3.802371428571429e-06,4.2112285714285716e-06,4.640528571428571e-06,5.069828571428572e-06,5.49912857142857e-06,5.948871428571429e-06,6.419057142857144e-06,6.909685714285716e-06,7.379871428571427e-06,7.890942857142856e-06,8.381571428571428e-06,8.994857142857143e-06,9.403714285714284e-06,1.0017e-05,1.0630285714285711e-05,1.1243571428571428e-05,1.1856857142857144e-05,1.2470142857142856e-05,1.3083428571428571e-05,1.3696714285714283e-05,1.431e-05,1.3195499999999998e-05,1.1709500000000004e-05,1.0595e-05,9.108999999999999e-06,7.622999999999997e-06,8.563999999999995e-06,1.53e-05,2.2036000000000004e-05,2.8772000000000012e-05,3.5507999999999986e-05,4.392799999999998e-05,5.066400000000002e-05,5.534799999999997e-05,4.714e-05,3.688e-05,2.662e-05,1.636e-05,2.1804e-05,2.7248e-05,3.2692000000000005e-05,3.922480000000002e-05,4.57576e-05,5.1201599999999994e-05,5.7734400000000014e-05,6.426719999999999e-05,7.131e-05,7.437000000000001e-05,7.794e-05,8.100000000000002e-05,8.457000000000001e-05,8.814e-05,9.171000000000001e-05,9.579e-05,0.00010379000000000002,0.00011128,0.00011984000000000005,0.00012947000000000002,0.00013803,0.00014766,0.00015729000000000003,0.00016692000000000003,0.00017655,0.00018725000000000002,0.00019688,0.0002033,0.0002033,0.0002033,0.0002033,0.0002033,0.0002033,0.0002033,0.0002033,0.0002033,0.0002033,0.0002033,0.0002033,0.0002033,0.0002033,0.0002033,0.0002033,0.0002033,0.0002033,0.0002033,0.0002033,0.0002033,0.0002033,0.0002033,0.0002033,0.0002033,0.0002033,0.0002033,0.0002033,0.0002033,0.0002033,0.0002033,0.0002033,0.0002033,0.0002033,0.0002033,0.0002033,0.0002033,0.0002033,0.0002033,0.0002033,0.0002033,0.0002033,0.0002033,0.0002033,0.0002033,0.0002033,0.0002033,0.0002033,0.0002033,0.0002033,0.0002033,0.0002033,0.0002033
Zn,0.0,0.0,0.0,0.0,0.0,0.0,0.0,0.0,0.0,0.0,0.0,0.0,0.0,0.0,0.0,0.0,0.0,0.0,0.0,0.0,0.0,0.0,0.0,0.0,0.0,0.0,0.0,0.0,0.0,0.0,0.0,0.0,0.0,0.0,0.0,0.0,0.0,0.0,0.0,0.0,0.0,0.0,0.0,0.0,0.0,0.0,0.0,0.0,0.0,0.0,0.0,0.0,0.0,0.0,0.0,0.0,0.0,0.0,0.0,0.0,0.0,0.0,0.0,0.0,0.0,0.0,0.0,0.0,0.0,0.0,0.0,0.0,0.0,0.0,0.0,0.0,0.0,0.0,0.0,0.0,0.0,0.0,0.0,0.0,0.0,0.0,0.0,0.0,0.0,0.0,0.0,0.0,0.0,0.0,0.0,0.0,0.0,0.0,0.0,0.0,0.0,0.0,0.0,0.0,0.0,0.0,0.0,0.0,0.0,0.0,0.0,0.0,0.0,0.0,0.0,0.0,0.0,0.0,0.0,0.0,0.0,0.0,0.0,0.0,0.0,0.0,0.0,0.0,0.0,0.0,0.0,0.0,0.0,0.0,0.0,0.0,0.0,0.0,0.0,0.0,0.0,0.0,0.0,0.0,0.0,0.0,0.0,0.0,0.0,0.0,0.0,0.0,0.0,0.0,0.0,0.0,0.0,0.0,0.0,0.0,0.0,0.0,0.0,0.0,0.0,0.0,0.0,0.0,0.0,0.0,0.0,0.0,1.966517142857149e-06,4.648131428571425e-06,7.508519999999999e-06,1.0547682857142854e-05,1.3586845714285712e-05,1.6626008571428567e-05,1.984394571428572e-05,2.306188285714286e-05,2.627982e-05,2.9676531428571435e-05,3.325201714285715e-05,3.6827502857142866e-05,4.0581762857142856e-05,4.4336022857142865e-05,4.809028285714285e-05,5.202331714285715e-05,5.6135125714285726e-05,6.042570857142859e-05,6.453751714285714e-05,6.900687428571427e-05,7.329745714285714e-05,7.866068571428572e-05,8.223617142857143e-05,8.759940000000001e-05,9.296262857142856e-05,9.832585714285716e-05,0.00010368908571428573,0.00010905231428571429,0.00011441554285714287,0.00011977877142857142,0.00012514200000000002,0.000124759245,0.00012424890500000002,0.00012386615,0.00012335581,0.00012284547,0.00012331195666666665,0.00012619858333333332,0.00012908520999999998,0.00013197183666666665,0.00013485846333333333,0.00013846674666666666,0.00014135337333333334,0.00014037044999999995,0.00012489225,0.00010554449999999999,8.619675e-05,6.6849e-05,0.0001013458,0.0001358426,0.0001703394,0.0002117355600000001,0.00025313171999999997,0.00028762851999999993,0.0003290246800000001,0.0003704208399999999,0.00041462526,0.00043147481999999997,0.00045113263999999997,0.00046798220000000005,0.00048764002000000004,0.00050729784,0.00052695566,0.00054942174,0.0005844195,0.000616609,0.0006533970000000002,0.0006947835000000001,0.0007315715,0.000772958,0.0008143445000000002,0.0008557310000000001,0.0008971175000000001,0.0009431025000000002,0.000984489,0.00101208,0.00101208,0.00101208,0.00101208,0.00101208,0.00101208,0.00101208,0.00101208,0.00101208,0.00101208,0.00101208,0.00101208,0.00101208,0.00101208,0.00101208,0.00101208,0.00101208,0.00101208,0.00101208,0.00101208,0.00101208,0.00101208,0.00101208,0.00101208,0.00101208,0.00101208,0.00101208,0.00101208,0.00101208,0.00101208,0.00101208,0.00101208,0.00101208,0.00101208,0.00101208,0.00101208,0.00101208,0.00101208,0.00101208,0.00101208,0.00101208,0.00101208,0.00101208,0.00101208,0.00101208,0.00101208,0.00101208,0.00101208,0.00101208,0.00101208,0.00101208,0.00101208,0.00101208
Other,0.0,0.0,0.0,0.0,0.0,0.0,0.0,0.0,0.0,0.0,0.0,0.0,0.0,0.0,0.0,0.0,0.0,0.0,0.0,0.0,0.0,0.0,0.0,0.0,0.0,0.0,0.0,0.0,0.0,0.0,0.0,0.0,0.0,0.0,0.0,0.0,0.0,0.0,0.0,0.0,0.0,0.0,0.0,0.0,0.0,0.0,0.0,0.0,0.0,0.0,0.0,0.0,0.0,0.0,0.0,0.0,0.0,0.0,0.0,0.0,0.0,0.0,0.0,0.0,0.0,0.0,0.0,0.0,0.0,0.0,0.0,0.0,0.0,0.0,0.0,0.0,0.0,0.0,0.0,0.0,0.0,0.0,0.0,0.0,0.0,0.0,0.0,0.0,0.0,0.0,0.0,0.0,0.0,0.0,0.0,0.0,0.0,0.0,0.0,0.0,0.0,1.6191962721201573e-06,1.5647810780095047e-05,2.500022045207831e-05,3.9028834960053205e-05,5.305744946802799e-05,6.708606397600288e-05,8.111467848397778e-05,9.514329299195266e-05,0.00010917190749992756,0.00010465002427593183,0.00010012814105193612,9.409896341994183e-05,8.957708019594614e-05,8.354790256395185e-05,7.902601933995614e-05,7.299684170796184e-05,7.977384268796685e-05,9.08195698719716e-05,0.00010186529705597638,0.00011291102423998109,0.00012395675142398585,0.00013500247860799062,0.00013828170609997414,0.00013529019129994896,0.0001315507977999175,0.00015130954900990367,0.00019531432362991373,0.0002503202919049261,0.0003163274538349412,0.00029545589853331803,0.00016076805786674136,-8.573509331513845e-07,-2.1879782511842167e-05,1.9186098348082816e-05,6.846515537999301e-05,0.00011774421241190321,0.00015923439568386926,0.00017650935285192122,0.0001966634695479819,0.00021681758624404247,0.000236971702940103,0.00025712581963616366,0.0002772799363322242,0.00027711267260025705,0.00021606489945019027,0.0001462960158501137,7.652713225003716e-05,-1.9628618000487775e-06,-7.173174540012533e-05,-0.00012783432130019563,-4.8375520001363516e-06,0.00011815921729992234,0.000241155986599981,0.00037781906360004656,0.0005144821406001121,0.0005720512736641759,0.000609846920744239,0.0006514221325323088,0.0006929973443203786,0.0007228005095736203,0.0006268907276517589,0.0005309809457298975,0.00043507116380803613,0.0003391613818861748,0.0002492959963834806,0.00016060035073461876,7.190470508575693e-05,3.416884025185047e-05,0.0003431281121456212,0.0006741559034603731,0.0010051836947751267,0.0031938882022416555,0.006058111515581537,0.009113283049810758,0.012359402804929302,0.015605522560047847,0.01885164231516639,0.022288710291174272,0.02572577826718214,0.029162846243190006,0.03279086244008721,0.036609826857873735,0.04042879127566026,0.044438703914336096,0.048448616553011956,0.05245852919168779,0.05665939005125298,0.06105119913170749,0.06563395643305132,0.0700257655135058,0.07479947103573895,0.07938222833708279,0.08511067496376258,0.08892963938154909,0.0946580860082289,0.10038653263490865,0.10611497926158846,0.11184342588826826,0.11757187251494802,0.12330031914162781,0.12902876576830757,0.1347572123949874,0.20583747300397598,0.3006111538159602,0.3716914144249488,0.46646509523693347,0.5612387760489181,0.635296579289828,0.7419804306294996,0.8486642819691712,0.9553481333088429,1.062031984648514,1.1953867988231035,1.3020706501627757,1.362276949062793,1.1763667393041821,0.9439789771059175,0.7115912149076529,0.47920345270938824,0.5256493220345195,0.5720951913596508,0.6185410606847821,0.6742761038749399,0.7300111470650972,0.7764570163902285,0.8321920595803861,0.8879271027705434,0.9745775870887257,1.1600702338568696,1.376478321753038,1.5619709685211831,1.7783790564173518,1.99478714431352,2.2111952322096897,2.4585187612338815,2.8098720110742654,3.130309819786625,3.4965244583150374,3.9085159266594993,4.274730565187909,4.68672203353237,5.098713501876835,5.510704970221297,5.922696438565758,6.380464736726273,6.792456205070734,7.067117183967042,7.067117183967042,7.067117183967042,7.067117183967042,7.067117183967042,7.067117183967042,7.067117183967042,7.067117183967042,7.067117183967042,7.067117183967042,7.067117183967042,7.067117183967042,7.067117183967042,7.067117183967042,7.067117183967042,7.067117183967042,7.067117183967042,7.067117183967042,7.067117183967042,7.067117183967042,7.067117183967042,7.067117183967042,7.067117183967042,7.067117183967042,7.067117183967042,7.067117183967042,7.067117183967042,7.067117183967042,7.067117183967042,7.067117183967042,7.067117183967042,7.067117183967042,7.067117183967042,7.067117183967042,7.067117183967042,7.067117183967042,7.067117183967042,7.067117183967042,7.067117183967042,7.067117183967042,7.067117183967042,7.067117183967042,7.067117183967042,7.067117183967042,7.067117183967042,7.067117183967042,7.067117183967042,7.067117183967042,7.067117183967042,7.067117183967042,7.067117183967042,7.067117183967042,7.067117183967042
